;ESTADO_CODIGO;DIAG_PRINC;ANO_CMPT;MES_CMPT;TOTAL;PERCENTUAL
0;53;F00;2018;1;2;0,039077764751856196
1;53;F00;2018;6;2;0,039077764751856196
2;53;F00;2018;7;1;0,019538882375928098
3;53;F00;2018;8;2;0,039077764751856196
4;53;F00;2018;9;5;0,09769441187964048
5;53;F00;2018;10;4;0,07815552950371239
6;53;F00;2018;12;1;0,019538882375928098
7;53;F00;2019;1;4;0,06643414715163594
8;53;F00;2019;2;1;0,016608536787908985
9;53;F00;2019;3;1;0,016608536787908985
10;53;F00;2019;4;2;0,03321707357581797
11;53;F00;2019;5;2;0,03321707357581797
12;53;F00;2019;6;2;0,03321707357581797
13;53;F00;2019;7;1;0,016608536787908985
14;53;F00;2019;8;2;0,03321707357581797
15;53;F00;2019;10;1;0,016608536787908985
16;53;F00;2020;1;4;0,08297033810412777
17;53;F00;2020;2;4;0,08297033810412777
18;53;F00;2020;5;1;0,02074258452603194
19;53;F00;2020;6;1;0,02074258452603194
20;53;F00;2020;9;4;0,08297033810412777
21;53;F00;2020;10;3;0,06222775357809583
22;53;F00;2020;11;1;0,02074258452603194
23;53;F00;2020;12;2;0,04148516905206388
24;53;F00;2021;1;2;0,040265753976243206
25;53;F00;2021;2;3;0,06039863096436481
26;53;F00;2021;3;2;0,040265753976243206
27;53;F00;2021;5;3;0,06039863096436481
28;53;F00;2021;7;1;0,020132876988121603
29;53;F00;2021;8;1;0,020132876988121603
30;53;F00;2021;9;1;0,020132876988121603
31;53;F00;2022;1;1;0,018556318426424197
32;53;F00;2022;6;1;0,018556318426424197
33;53;F00;2022;7;2;0,037112636852848394
34;53;F00;2022;8;1;0,018556318426424197
35;53;F00;2022;9;1;0,018556318426424197
36;53;F01;2018;1;7;0,13677217663149666
37;53;F01;2018;2;1;0,019538882375928098
38;53;F01;2018;3;10;0,19538882375928096
39;53;F01;2018;4;10;0,19538882375928096
40;53;F01;2018;5;10;0,19538882375928096
41;53;F01;2018;6;10;0,19538882375928096
42;53;F01;2018;7;7;0,13677217663149666
43;53;F01;2018;8;4;0,07815552950371239
44;53;F01;2018;9;3;0,058616647127784284
45;53;F01;2018;10;8;0,15631105900742479
46;53;F01;2018;11;4;0,07815552950371239
47;53;F01;2018;12;3;0,058616647127784284
48;53;F01;2019;1;4;0,06643414715163594
49;53;F01;2019;2;5;0,08304268393954493
50;53;F01;2019;3;7;0,1162597575153629
51;53;F01;2019;4;6;0,0996512207274539
52;53;F01;2019;5;6;0,0996512207274539
53;53;F01;2019;6;10;0,16608536787908987
54;53;F01;2019;7;9;0,14947683109118087
55;53;F01;2019;8;5;0,08304268393954493
56;53;F01;2019;9;3;0,04982561036372695
57;53;F01;2019;10;4;0,06643414715163594
58;53;F01;2019;11;4;0,06643414715163594
59;53;F01;2019;12;5;0,08304268393954493
60;53;F01;2020;1;3;0,06222775357809583
61;53;F01;2020;2;2;0,04148516905206388
62;53;F01;2020;3;3;0,06222775357809583
63;53;F01;2020;4;8;0,16594067620825553
64;53;F01;2020;5;6;0,12445550715619166
65;53;F01;2020;6;7;0,1451980916822236
66;53;F01;2020;7;9;0,18668326073428748
67;53;F01;2020;8;4;0,08297033810412777
68;53;F01;2020;9;7;0,1451980916822236
69;53;F01;2020;10;7;0,1451980916822236
70;53;F01;2020;11;10;0,20742584526031943
71;53;F01;2020;12;4;0,08297033810412777
72;53;F01;2021;1;5;0,10066438494060802
73;53;F01;2021;2;8;0,16106301590497282
74;53;F01;2021;3;7;0,14093013891685122
75;53;F01;2021;4;9;0,18119589289309443
76;53;F01;2021;5;8;0,16106301590497282
77;53;F01;2021;6;8;0,16106301590497282
78;53;F01;2021;7;5;0,10066438494060802
79;53;F01;2021;8;4;0,08053150795248641
80;53;F01;2021;9;3;0,06039863096436481
81;53;F01;2021;10;8;0,16106301590497282
82;53;F01;2021;11;6;0,12079726192872962
83;53;F01;2021;12;5;0,10066438494060802
84;53;F01;2022;1;6;0,1113379105585452
85;53;F01;2022;2;8;0,14845054741139357
86;53;F01;2022;3;5;0,09278159213212099
87;53;F01;2022;4;3;0,0556689552792726
88;53;F01;2022;5;6;0,1113379105585452
89;53;F01;2022;6;7;0,12989422898496938
90;53;F01;2022;7;1;0,018556318426424197
91;53;F01;2022;8;3;0,0556689552792726
92;53;F01;2022;9;4;0,07422527370569679
93;53;F01;2022;10;1;0,018556318426424197
94;53;F01;2022;11;4;0,07422527370569679
95;53;F01;2022;12;7;0,12989422898496938
96;53;F02;2018;3;1;0,019538882375928098
97;53;F02;2018;11;5;0,09769441187964048
98;53;F02;2019;2;1;0,016608536787908985
99;53;F02;2019;8;1;0,016608536787908985
100;53;F02;2020;2;2;0,04148516905206388
101;53;F02;2020;9;1;0,02074258452603194
102;53;F02;2020;10;1;0,02074258452603194
103;53;F02;2020;11;1;0,02074258452603194
104;53;F02;2021;2;5;0,10066438494060802
105;53;F02;2021;4;3;0,06039863096436481
106;53;F02;2021;5;3;0,06039863096436481
107;53;F02;2021;6;1;0,020132876988121603
108;53;F02;2021;7;3;0,06039863096436481
109;53;F02;2021;8;1;0,020132876988121603
110;53;F02;2021;9;2;0,040265753976243206
111;53;F02;2022;2;2;0,037112636852848394
112;53;F02;2022;3;1;0,018556318426424197
113;53;F02;2022;4;2;0,037112636852848394
114;53;F02;2022;5;2;0,037112636852848394
115;53;F02;2022;7;2;0,037112636852848394
116;53;F02;2022;8;4;0,07422527370569679
117;53;F02;2022;9;2;0,037112636852848394
118;53;F02;2022;11;3;0,0556689552792726
119;53;F02;2022;12;2;0,037112636852848394
120;53;F03;2018;1;1;0,019538882375928098
121;53;F03;2018;2;11;0,21492770613520906
122;53;F03;2018;3;12;0,23446658851113714
123;53;F03;2018;4;6;0,11723329425556857
124;53;F03;2018;5;3;0,058616647127784284
125;53;F03;2018;6;11;0,21492770613520906
126;53;F03;2018;7;6;0,11723329425556857
127;53;F03;2018;8;8;0,15631105900742479
128;53;F03;2018;9;6;0,11723329425556857
129;53;F03;2018;10;7;0,13677217663149666
130;53;F03;2018;11;2;0,039077764751856196
131;53;F03;2018;12;6;0,11723329425556857
132;53;F03;2019;1;3;0,04982561036372695
133;53;F03;2019;2;9;0,14947683109118087
134;53;F03;2019;3;8;0,13286829430327188
135;53;F03;2019;4;11;0,18269390466699884
136;53;F03;2019;5;5;0,08304268393954493
137;53;F03;2019;6;7;0,1162597575153629
138;53;F03;2019;7;5;0,08304268393954493
139;53;F03;2019;8;9;0,14947683109118087
140;53;F03;2019;9;7;0,1162597575153629
141;53;F03;2019;10;7;0,1162597575153629
142;53;F03;2019;11;6;0,0996512207274539
143;53;F03;2019;12;9;0,14947683109118087
144;53;F03;2020;1;10;0,20742584526031943
145;53;F03;2020;2;5;0,10371292263015972
146;53;F03;2020;3;10;0,20742584526031943
147;53;F03;2020;4;10;0,20742584526031943
148;53;F03;2020;5;7;0,1451980916822236
149;53;F03;2020;6;4;0,08297033810412777
150;53;F03;2020;7;5;0,10371292263015972
151;53;F03;2020;8;9;0,18668326073428748
152;53;F03;2020;9;5;0,10371292263015972
153;53;F03;2020;10;5;0,10371292263015972
154;53;F03;2020;11;10;0,20742584526031943
155;53;F03;2020;12;9;0,18668326073428748
156;53;F03;2021;1;5;0,10066438494060802
157;53;F03;2021;2;4;0,08053150795248641
158;53;F03;2021;3;3;0,06039863096436481
159;53;F03;2021;4;8;0,16106301590497282
160;53;F03;2021;5;11;0,22146164686933761
161;53;F03;2021;6;5;0,10066438494060802
162;53;F03;2021;7;4;0,08053150795248641
163;53;F03;2021;8;4;0,08053150795248641
164;53;F03;2021;9;9;0,18119589289309443
165;53;F03;2021;10;3;0,06039863096436481
166;53;F03;2021;11;4;0,08053150795248641
167;53;F03;2021;12;7;0,14093013891685122
168;53;F03;2022;1;5;0,09278159213212099
169;53;F03;2022;2;7;0,12989422898496938
170;53;F03;2022;3;10;0,18556318426424198
171;53;F03;2022;4;7;0,12989422898496938
172;53;F03;2022;5;2;0,037112636852848394
173;53;F03;2022;6;3;0,0556689552792726
174;53;F03;2022;7;6;0,1113379105585452
175;53;F03;2022;8;11;0,20411950269066617
176;53;F03;2022;9;8;0,14845054741139357
177;53;F03;2022;10;10;0,18556318426424198
178;53;F03;2022;11;4;0,07422527370569679
179;53;F03;2022;12;8;0,14845054741139357
180;53;F04;2018;9;1;0,019538882375928098
181;53;F04;2018;12;2;0,039077764751856196
182;53;F04;2019;1;1;0,016608536787908985
183;53;F04;2019;4;1;0,016608536787908985
184;53;F04;2019;7;1;0,016608536787908985
185;53;F04;2019;8;1;0,016608536787908985
186;53;F04;2019;11;4;0,06643414715163594
187;53;F04;2019;12;1;0,016608536787908985
188;53;F04;2020;6;1;0,02074258452603194
189;53;F04;2020;8;1;0,02074258452603194
190;53;F04;2021;2;1;0,020132876988121603
191;53;F04;2021;6;1;0,020132876988121603
192;53;F04;2021;9;2;0,040265753976243206
193;53;F04;2021;11;1;0,020132876988121603
194;53;F05;2018;1;2;0,039077764751856196
195;53;F05;2018;2;3;0,058616647127784284
196;53;F05;2018;3;1;0,019538882375928098
197;53;F05;2018;4;1;0,019538882375928098
198;53;F05;2018;5;3;0,058616647127784284
199;53;F05;2018;6;8;0,15631105900742479
200;53;F05;2018;7;2;0,039077764751856196
201;53;F05;2018;8;6;0,11723329425556857
202;53;F05;2018;9;7;0,13677217663149666
203;53;F05;2018;10;9;0,1758499413833529
204;53;F05;2018;11;11;0,21492770613520906
205;53;F05;2018;12;6;0,11723329425556857
206;53;F05;2019;1;4;0,06643414715163594
207;53;F05;2019;2;4;0,06643414715163594
208;53;F05;2019;3;7;0,1162597575153629
209;53;F05;2019;4;5;0,08304268393954493
210;53;F05;2019;5;10;0,16608536787908987
211;53;F05;2019;6;3;0,04982561036372695
212;53;F05;2019;7;4;0,06643414715163594
213;53;F05;2019;8;7;0,1162597575153629
214;53;F05;2019;9;10;0,16608536787908987
215;53;F05;2019;10;7;0,1162597575153629
216;53;F05;2019;11;2;0,03321707357581797
217;53;F05;2019;12;4;0,06643414715163594
218;53;F05;2020;1;8;0,16594067620825553
219;53;F05;2020;2;6;0,12445550715619166
220;53;F05;2020;3;5;0,10371292263015972
221;53;F05;2020;4;9;0,18668326073428748
222;53;F05;2020;5;5;0,10371292263015972
223;53;F05;2020;6;8;0,16594067620825553
224;53;F05;2020;7;3;0,06222775357809583
225;53;F05;2020;8;7;0,1451980916822236
226;53;F05;2020;9;4;0,08297033810412777
227;53;F05;2020;10;9;0,18668326073428748
228;53;F05;2020;11;6;0,12445550715619166
229;53;F05;2020;12;11;0,22816842978635138
230;53;F05;2021;1;10;0,20132876988121604
231;53;F05;2021;2;7;0,14093013891685122
232;53;F05;2021;3;2;0,040265753976243206
233;53;F05;2021;4;2;0,040265753976243206
234;53;F05;2021;5;3;0,06039863096436481
235;53;F05;2021;6;5;0,10066438494060802
236;53;F05;2021;7;2;0,040265753976243206
237;53;F05;2021;8;2;0,040265753976243206
238;53;F05;2021;9;8;0,16106301590497282
239;53;F05;2021;10;1;0,020132876988121603
240;53;F05;2021;11;3;0,06039863096436481
241;53;F05;2021;12;2;0,040265753976243206
242;53;F05;2022;1;1;0,018556318426424197
243;53;F05;2022;2;3;0,0556689552792726
244;53;F05;2022;3;1;0,018556318426424197
245;53;F05;2022;4;2;0,037112636852848394
246;53;F05;2022;5;3;0,0556689552792726
247;53;F05;2022;6;2;0,037112636852848394
248;53;F05;2022;7;1;0,018556318426424197
249;53;F05;2022;8;6;0,1113379105585452
250;53;F05;2022;9;6;0,1113379105585452
251;53;F05;2022;11;1;0,018556318426424197
252;53;F05;2022;12;3;0,0556689552792726
253;53;F06;2018;1;4;0,07815552950371239
254;53;F06;2018;2;1;0,019538882375928098
255;53;F06;2018;3;5;0,09769441187964048
256;53;F06;2018;4;3;0,058616647127784284
257;53;F06;2018;5;12;0,23446658851113714
258;53;F06;2018;6;15;0,29308323563892147
259;53;F06;2018;7;12;0,23446658851113714
260;53;F06;2018;8;17;0,33216100039077767
261;53;F06;2018;9;8;0,15631105900742479
262;53;F06;2018;10;9;0,1758499413833529
263;53;F06;2018;11;10;0,19538882375928096
264;53;F06;2018;12;6;0,11723329425556857
265;53;F06;2019;1;9;0,14947683109118087
266;53;F06;2019;2;21;0,3487792725460887
267;53;F06;2019;3;18;0,29895366218236175
268;53;F06;2019;4;3;0,04982561036372695
269;53;F06;2019;5;4;0,06643414715163594
270;53;F06;2019;6;9;0,14947683109118087
271;53;F06;2019;7;12;0,1993024414549078
272;53;F06;2019;8;2;0,03321707357581797
273;53;F06;2019;9;19;0,3155621989702707
274;53;F06;2019;10;9;0,14947683109118087
275;53;F06;2019;11;3;0,04982561036372695
276;53;F06;2019;12;18;0,29895366218236175
277;53;F06;2020;1;13;0,2696535988384153
278;53;F06;2020;2;18;0,37336652146857496
279;53;F06;2020;3;18;0,37336652146857496
280;53;F06;2020;4;17;0,352623936942543
281;53;F06;2020;5;7;0,1451980916822236
282;53;F06;2020;6;5;0,10371292263015972
283;53;F06;2020;7;7;0,1451980916822236
284;53;F06;2020;8;10;0,20742584526031943
285;53;F06;2020;9;13;0,2696535988384153
286;53;F06;2020;10;7;0,1451980916822236
287;53;F06;2020;11;7;0,1451980916822236
288;53;F06;2020;12;6;0,12445550715619166
289;53;F06;2021;1;9;0,18119589289309443
290;53;F06;2021;2;11;0,22146164686933761
291;53;F06;2021;3;10;0,20132876988121604
292;53;F06;2021;4;12;0,24159452385745925
293;53;F06;2021;5;18;0,36239178578618886
294;53;F06;2021;6;22;0,44292329373867523
295;53;F06;2021;7;2;0,040265753976243206
296;53;F06;2021;8;5;0,10066438494060802
297;53;F06;2021;9;10;0,20132876988121604
298;53;F06;2021;10;8;0,16106301590497282
299;53;F06;2021;11;9;0,18119589289309443
300;53;F06;2021;12;11;0,22146164686933761
301;53;F06;2022;1;10;0,18556318426424198
302;53;F06;2022;2;9;0,16700686583781776
303;53;F06;2022;3;8;0,14845054741139357
304;53;F06;2022;4;11;0,20411950269066617
305;53;F06;2022;5;9;0,16700686583781776
306;53;F06;2022;6;3;0,0556689552792726
307;53;F06;2022;7;7;0,12989422898496938
308;53;F06;2022;8;14;0,25978845796993877
309;53;F06;2022;9;9;0,16700686583781776
310;53;F06;2022;10;11;0,20411950269066617
311;53;F06;2022;11;19;0,3525700501020598
312;53;F06;2022;12;10;0,18556318426424198
313;53;F07;2018;1;1;0,019538882375928098
314;53;F07;2018;2;1;0,019538882375928098
315;53;F07;2018;3;1;0,019538882375928098
316;53;F07;2018;5;3;0,058616647127784284
317;53;F07;2018;6;1;0,019538882375928098
318;53;F07;2018;7;4;0,07815552950371239
319;53;F07;2018;8;4;0,07815552950371239
320;53;F07;2018;9;4;0,07815552950371239
321;53;F07;2018;10;2;0,039077764751856196
322;53;F07;2019;1;3;0,04982561036372695
323;53;F07;2019;2;1;0,016608536787908985
324;53;F07;2019;3;1;0,016608536787908985
325;53;F07;2019;4;1;0,016608536787908985
326;53;F07;2019;5;1;0,016608536787908985
327;53;F07;2019;7;2;0,03321707357581797
328;53;F07;2019;8;2;0,03321707357581797
329;53;F07;2019;9;1;0,016608536787908985
330;53;F07;2019;10;1;0,016608536787908985
331;53;F07;2019;12;2;0,03321707357581797
332;53;F07;2020;2;2;0,04148516905206388
333;53;F07;2020;3;2;0,04148516905206388
334;53;F07;2020;4;1;0,02074258452603194
335;53;F07;2020;5;1;0,02074258452603194
336;53;F07;2020;6;1;0,02074258452603194
337;53;F07;2020;11;1;0,02074258452603194
338;53;F07;2020;12;1;0,02074258452603194
339;53;F07;2021;1;1;0,020132876988121603
340;53;F07;2021;2;1;0,020132876988121603
341;53;F07;2021;5;1;0,020132876988121603
342;53;F07;2021;6;2;0,040265753976243206
343;53;F07;2021;7;3;0,06039863096436481
344;53;F07;2021;9;1;0,020132876988121603
345;53;F07;2021;10;1;0,020132876988121603
346;53;F07;2021;11;1;0,020132876988121603
347;53;F07;2021;12;2;0,040265753976243206
348;53;F07;2022;2;1;0,018556318426424197
349;53;F07;2022;3;2;0,037112636852848394
350;53;F07;2022;4;1;0,018556318426424197
351;53;F07;2022;7;1;0,018556318426424197
352;53;F07;2022;10;1;0,018556318426424197
353;53;F07;2022;11;1;0,018556318426424197
354;53;F07;2022;12;2;0,037112636852848394
355;53;F09;2018;1;2;0,039077764751856196
356;53;F09;2018;2;4;0,07815552950371239
357;53;F09;2018;3;7;0,13677217663149666
358;53;F09;2018;4;7;0,13677217663149666
359;53;F09;2018;5;8;0,15631105900742479
360;53;F09;2018;6;15;0,29308323563892147
361;53;F09;2018;7;8;0,15631105900742479
362;53;F09;2018;8;8;0,15631105900742479
363;53;F09;2018;9;8;0,15631105900742479
364;53;F09;2018;10;12;0,23446658851113714
365;53;F09;2018;11;13;0,25400547088706527
366;53;F09;2018;12;3;0,058616647127784284
367;53;F09;2019;1;11;0,18269390466699884
368;53;F09;2019;2;9;0,14947683109118087
369;53;F09;2019;3;8;0,13286829430327188
370;53;F09;2019;4;10;0,16608536787908987
371;53;F09;2019;5;6;0,0996512207274539
372;53;F09;2019;6;10;0,16608536787908987
373;53;F09;2019;7;10;0,16608536787908987
374;53;F09;2019;8;19;0,3155621989702707
375;53;F09;2019;9;15;0,2491280518186348
376;53;F09;2019;10;14;0,2325195150307258
377;53;F09;2019;11;12;0,1993024414549078
378;53;F09;2019;12;12;0,1993024414549078
379;53;F09;2020;1;25;0,5185646131507986
380;53;F09;2020;2;12;0,24891101431238333
381;53;F09;2020;3;7;0,1451980916822236
382;53;F09;2020;4;8;0,16594067620825553
383;53;F09;2020;5;6;0,12445550715619166
384;53;F09;2020;6;14;0,2903961833644472
385;53;F09;2020;7;15;0,3111387678904792
386;53;F09;2020;8;22;0,45633685957270276
387;53;F09;2020;9;20;0,41485169052063886
388;53;F09;2020;10;7;0,1451980916822236
389;53;F09;2020;11;6;0,12445550715619166
390;53;F09;2020;12;8;0,16594067620825553
391;53;F09;2021;1;21;0,4227904167505537
392;53;F09;2021;2;15;0,30199315482182404
393;53;F09;2021;3;12;0,24159452385745925
394;53;F09;2021;4;9;0,18119589289309443
395;53;F09;2021;5;13;0,2617274008455808
396;53;F09;2021;6;9;0,18119589289309443
397;53;F09;2021;7;15;0,30199315482182404
398;53;F09;2021;8;12;0,24159452385745925
399;53;F09;2021;9;19;0,38252466277431046
400;53;F09;2021;10;19;0,38252466277431046
401;53;F09;2021;11;16;0,32212603180994565
402;53;F09;2021;12;7;0,14093013891685122
403;53;F09;2022;1;13;0,24123213954351458
404;53;F09;2022;2;8;0,14845054741139357
405;53;F09;2022;3;16;0,29690109482278715
406;53;F09;2022;4;14;0,25978845796993877
407;53;F09;2022;5;10;0,18556318426424198
408;53;F09;2022;6;8;0,14845054741139357
409;53;F09;2022;7;18;0,33401373167563553
410;53;F09;2022;8;14;0,25978845796993877
411;53;F09;2022;9;12;0,2226758211170904
412;53;F09;2022;10;13;0,24123213954351458
413;53;F09;2022;11;17;0,31545741324921134
414;53;F09;2022;12;4;0,07422527370569679
415;53;F10;2018;1;85;1,6608050019538885
416;53;F10;2018;2;50;0,9769441187964049
417;53;F10;2018;3;58;1,1332551778038296
418;53;F10;2018;4;97;1,8952715904650252
419;53;F10;2018;5;70;1,3677217663149668
420;53;F10;2018;6;91;1,7780382962094567
421;53;F10;2018;7;71;1,3872606486908947
422;53;F10;2018;8;69;1,3481828839390386
423;53;F10;2018;9;62;1,211410707307542
424;53;F10;2018;10;64;1,2504884720593983
425;53;F10;2018;11;55;1,0746385306760453
426;53;F10;2018;12;54;1,0550996483001172
427;53;F10;2019;1;91;1,5113768476997176
428;53;F10;2019;2;84;1,3951170901843548
429;53;F10;2019;3;77;1,2788573326689918
430;53;F10;2019;4;83;1,3785085533964458
431;53;F10;2019;5;83;1,3785085533964458
432;53;F10;2019;6;66;1,096163428001993
433;53;F10;2019;7;75;1,2456402590931739
434;53;F10;2019;8;92;1,5279853844876266
435;53;F10;2019;9;91;1,5113768476997176
436;53;F10;2019;10;66;1,096163428001993
437;53;F10;2019;11;52;0,8636439129712672
438;53;F10;2019;12;80;1,328682943032719
439;53;F10;2020;1;90;1,8668326073428747
440;53;F10;2020;2;78;1,6179215930304918
441;53;F10;2020;3;93;1,9290603609209707
442;53;F10;2020;4;96;1,9912881144990666
443;53;F10;2020;5;89;1,846090022816843
444;53;F10;2020;6;71;1,472723501348268
445;53;F10;2020;7;47;0,9749014727235014
446;53;F10;2020;8;64;1,3275254096660443
447;53;F10;2020;9;54;1,120099564405725
448;53;F10;2020;10;43;0,8919311346193736
449;53;F10;2020;11;55;1,1408421489317568
450;53;F10;2020;12;64;1,3275254096660443
451;53;F10;2021;1;61;1,2281054962754179
452;53;F10;2021;2;57;1,1475739883229312
453;53;F10;2021;3;47;0,9462452184417153
454;53;F10;2021;4;33;0,6643849406080129
455;53;F10;2021;5;60;1,2079726192872962
456;53;F10;2021;6;67;1,3489027582041473
457;53;F10;2021;7;46;0,9261123414535937
458;53;F10;2021;8;55;1,1073082343466882
459;53;F10;2021;9;49;0,9865109724179585
460;53;F10;2021;10;48;0,966378095429837
461;53;F10;2021;11;54;1,0871753573585665
462;53;F10;2021;12;55;1,1073082343466882
463;53;F10;2022;1;47;0,8721469660419373
464;53;F10;2022;2;48;0,8907032844683616
465;53;F10;2022;3;47;0,8721469660419373
466;53;F10;2022;4;63;1,1690480608647245
467;53;F10;2022;5;46;0,8535906476155131
468;53;F10;2022;6;48;0,8907032844683616
469;53;F10;2022;7;51;0,9463722397476341
470;53;F10;2022;8;49;0,9092596028947856
471;53;F10;2022;9;47;0,8721469660419373
472;53;F10;2022;10;55;1,020597513453331
473;53;F10;2022;11;58;1,0762664687326033
474;53;F10;2022;12;46;0,8535906476155131
475;53;F11;2018;1;8;0,15631105900742479
476;53;F11;2018;2;6;0,11723329425556857
477;53;F11;2018;3;3;0,058616647127784284
478;53;F11;2018;4;10;0,19538882375928096
479;53;F11;2018;5;10;0,19538882375928096
480;53;F11;2018;6;9;0,1758499413833529
481;53;F11;2018;7;6;0,11723329425556857
482;53;F11;2018;8;10;0,19538882375928096
483;53;F11;2018;9;10;0,19538882375928096
484;53;F11;2018;10;6;0,11723329425556857
485;53;F11;2018;11;4;0,07815552950371239
486;53;F11;2018;12;4;0,07815552950371239
487;53;F11;2019;1;10;0,16608536787908987
488;53;F11;2019;2;14;0,2325195150307258
489;53;F11;2019;3;13;0,2159109782428168
490;53;F11;2019;4;8;0,13286829430327188
491;53;F11;2019;5;13;0,2159109782428168
492;53;F11;2019;6;8;0,13286829430327188
493;53;F11;2019;7;9;0,14947683109118087
494;53;F11;2019;8;13;0,2159109782428168
495;53;F11;2019;9;11;0,18269390466699884
496;53;F11;2019;10;10;0,16608536787908987
497;53;F11;2019;11;14;0,2325195150307258
498;53;F11;2019;12;12;0,1993024414549078
499;53;F11;2020;1;6;0,12445550715619166
500;53;F11;2020;2;6;0,12445550715619166
501;53;F11;2020;3;9;0,18668326073428748
502;53;F11;2020;4;6;0,12445550715619166
503;53;F11;2020;5;13;0,2696535988384153
504;53;F11;2020;6;6;0,12445550715619166
505;53;F11;2020;7;5;0,10371292263015972
506;53;F11;2020;8;8;0,16594067620825553
507;53;F11;2020;9;7;0,1451980916822236
508;53;F11;2020;10;3;0,06222775357809583
509;53;F11;2020;11;4;0,08297033810412777
510;53;F11;2020;12;4;0,08297033810412777
511;53;F11;2021;1;9;0,18119589289309443
512;53;F11;2021;2;3;0,06039863096436481
513;53;F11;2021;4;3;0,06039863096436481
514;53;F11;2021;5;7;0,14093013891685122
515;53;F11;2021;6;8;0,16106301590497282
516;53;F11;2021;7;8;0,16106301590497282
517;53;F11;2021;8;8;0,16106301590497282
518;53;F11;2021;9;6;0,12079726192872962
519;53;F11;2021;10;4;0,08053150795248641
520;53;F11;2021;11;4;0,08053150795248641
521;53;F11;2021;12;8;0,16106301590497282
522;53;F11;2022;1;8;0,14845054741139357
523;53;F11;2022;2;7;0,12989422898496938
524;53;F11;2022;3;7;0,12989422898496938
525;53;F11;2022;4;11;0,20411950269066617
526;53;F11;2022;5;5;0,09278159213212099
527;53;F11;2022;6;10;0,18556318426424198
528;53;F11;2022;7;5;0,09278159213212099
529;53;F11;2022;8;11;0,20411950269066617
530;53;F11;2022;9;8;0,14845054741139357
531;53;F11;2022;10;6;0,1113379105585452
532;53;F11;2022;11;11;0,20411950269066617
533;53;F11;2022;12;9;0,16700686583781776
534;53;F12;2018;1;4;0,07815552950371239
535;53;F12;2018;2;4;0,07815552950371239
536;53;F12;2018;3;7;0,13677217663149666
537;53;F12;2018;4;10;0,19538882375928096
538;53;F12;2018;5;13;0,25400547088706527
539;53;F12;2018;6;6;0,11723329425556857
540;53;F12;2018;7;7;0,13677217663149666
541;53;F12;2018;8;2;0,039077764751856196
542;53;F12;2018;9;7;0,13677217663149666
543;53;F12;2018;10;3;0,058616647127784284
544;53;F12;2018;11;2;0,039077764751856196
545;53;F12;2018;12;3;0,058616647127784284
546;53;F12;2019;1;1;0,016608536787908985
547;53;F12;2019;2;1;0,016608536787908985
548;53;F12;2019;3;5;0,08304268393954493
549;53;F12;2019;4;3;0,04982561036372695
550;53;F12;2019;5;3;0,04982561036372695
551;53;F12;2019;6;5;0,08304268393954493
552;53;F12;2019;7;7;0,1162597575153629
553;53;F12;2019;8;6;0,0996512207274539
554;53;F12;2019;9;7;0,1162597575153629
555;53;F12;2019;10;6;0,0996512207274539
556;53;F12;2019;11;2;0,03321707357581797
557;53;F12;2019;12;3;0,04982561036372695
558;53;F12;2020;1;3;0,06222775357809583
559;53;F12;2020;2;8;0,16594067620825553
560;53;F12;2020;3;7;0,1451980916822236
561;53;F12;2020;4;6;0,12445550715619166
562;53;F12;2020;5;4;0,08297033810412777
563;53;F12;2020;6;2;0,04148516905206388
564;53;F12;2020;7;4;0,08297033810412777
565;53;F12;2020;8;1;0,02074258452603194
566;53;F12;2020;9;2;0,04148516905206388
567;53;F12;2020;10;2;0,04148516905206388
568;53;F12;2020;11;5;0,10371292263015972
569;53;F12;2020;12;5;0,10371292263015972
570;53;F12;2021;1;2;0,040265753976243206
571;53;F12;2021;2;2;0,040265753976243206
572;53;F12;2021;3;3;0,06039863096436481
573;53;F12;2021;4;2;0,040265753976243206
574;53;F12;2021;5;3;0,06039863096436481
575;53;F12;2021;6;3;0,06039863096436481
576;53;F12;2021;7;2;0,040265753976243206
577;53;F12;2021;8;2;0,040265753976243206
578;53;F12;2021;9;6;0,12079726192872962
579;53;F12;2021;10;4;0,08053150795248641
580;53;F12;2021;11;4;0,08053150795248641
581;53;F12;2021;12;5;0,10066438494060802
582;53;F12;2022;1;2;0,037112636852848394
583;53;F12;2022;2;4;0,07422527370569679
584;53;F12;2022;3;7;0,12989422898496938
585;53;F12;2022;4;6;0,1113379105585452
586;53;F12;2022;5;2;0,037112636852848394
587;53;F12;2022;6;2;0,037112636852848394
588;53;F12;2022;7;4;0,07422527370569679
589;53;F12;2022;8;7;0,12989422898496938
590;53;F12;2022;9;2;0,037112636852848394
591;53;F12;2022;10;3;0,0556689552792726
592;53;F12;2022;11;3;0,0556689552792726
593;53;F12;2022;12;1;0,018556318426424197
594;53;F13;2018;1;3;0,058616647127784284
595;53;F13;2018;2;3;0,058616647127784284
596;53;F13;2018;3;3;0,058616647127784284
597;53;F13;2018;4;2;0,039077764751856196
598;53;F13;2018;5;5;0,09769441187964048
599;53;F13;2018;6;3;0,058616647127784284
600;53;F13;2018;7;2;0,039077764751856196
601;53;F13;2018;8;4;0,07815552950371239
602;53;F13;2018;9;2;0,039077764751856196
603;53;F13;2018;11;2;0,039077764751856196
604;53;F13;2019;1;1;0,016608536787908985
605;53;F13;2019;2;1;0,016608536787908985
606;53;F13;2019;3;4;0,06643414715163594
607;53;F13;2019;4;1;0,016608536787908985
608;53;F13;2019;5;2;0,03321707357581797
609;53;F13;2019;6;1;0,016608536787908985
610;53;F13;2019;7;1;0,016608536787908985
611;53;F13;2019;8;1;0,016608536787908985
612;53;F13;2019;10;1;0,016608536787908985
613;53;F13;2019;11;1;0,016608536787908985
614;53;F13;2019;12;3;0,04982561036372695
615;53;F13;2020;1;2;0,04148516905206388
616;53;F13;2020;2;3;0,06222775357809583
617;53;F13;2020;3;3;0,06222775357809583
618;53;F13;2020;4;2;0,04148516905206388
619;53;F13;2020;5;2;0,04148516905206388
620;53;F13;2020;7;4;0,08297033810412777
621;53;F13;2020;9;2;0,04148516905206388
622;53;F13;2020;10;1;0,02074258452603194
623;53;F13;2020;12;3;0,06222775357809583
624;53;F13;2021;3;2;0,040265753976243206
625;53;F13;2021;4;1;0,020132876988121603
626;53;F13;2021;7;2;0,040265753976243206
627;53;F13;2021;8;1;0,020132876988121603
628;53;F13;2021;10;3;0,06039863096436481
629;53;F13;2021;11;2;0,040265753976243206
630;53;F13;2021;12;3;0,06039863096436481
631;53;F13;2022;1;4;0,07422527370569679
632;53;F13;2022;2;3;0,0556689552792726
633;53;F13;2022;3;2;0,037112636852848394
634;53;F13;2022;4;4;0,07422527370569679
635;53;F13;2022;5;1;0,018556318426424197
636;53;F13;2022;6;2;0,037112636852848394
637;53;F13;2022;7;4;0,07422527370569679
638;53;F13;2022;8;2;0,037112636852848394
639;53;F13;2022;9;3;0,0556689552792726
640;53;F13;2022;11;4;0,07422527370569679
641;53;F13;2022;12;3;0,0556689552792726
642;53;F14;2018;1;1;0,019538882375928098
643;53;F14;2018;2;4;0,07815552950371239
644;53;F14;2018;3;3;0,058616647127784284
645;53;F14;2018;4;4;0,07815552950371239
646;53;F14;2018;5;1;0,019538882375928098
647;53;F14;2018;6;5;0,09769441187964048
648;53;F14;2018;7;4;0,07815552950371239
649;53;F14;2018;8;3;0,058616647127784284
650;53;F14;2018;9;9;0,1758499413833529
651;53;F14;2018;10;6;0,11723329425556857
652;53;F14;2018;11;2;0,039077764751856196
653;53;F14;2018;12;2;0,039077764751856196
654;53;F14;2019;1;9;0,14947683109118087
655;53;F14;2019;2;6;0,0996512207274539
656;53;F14;2019;3;19;0,3155621989702707
657;53;F14;2019;4;12;0,1993024414549078
658;53;F14;2019;5;39;0,6477329347284505
659;53;F14;2019;6;24;0,3986048829098156
660;53;F14;2019;7;3;0,04982561036372695
661;53;F14;2019;8;8;0,13286829430327188
662;53;F14;2019;9;20;0,33217073575817974
663;53;F14;2019;10;23;0,38199634612190664
664;53;F14;2019;11;9;0,14947683109118087
665;53;F14;2019;12;12;0,1993024414549078
666;53;F14;2020;1;8;0,16594067620825553
667;53;F14;2020;2;7;0,1451980916822236
668;53;F14;2020;3;8;0,16594067620825553
669;53;F14;2020;4;4;0,08297033810412777
670;53;F14;2020;5;4;0,08297033810412777
671;53;F14;2020;6;6;0,12445550715619166
672;53;F14;2020;7;5;0,10371292263015972
673;53;F14;2020;8;4;0,08297033810412777
674;53;F14;2020;9;1;0,02074258452603194
675;53;F14;2020;10;5;0,10371292263015972
676;53;F14;2020;11;4;0,08297033810412777
677;53;F14;2020;12;6;0,12445550715619166
678;53;F14;2021;1;5;0,10066438494060802
679;53;F14;2021;3;6;0,12079726192872962
680;53;F14;2021;4;8;0,16106301590497282
681;53;F14;2021;5;2;0,040265753976243206
682;53;F14;2021;6;5;0,10066438494060802
683;53;F14;2021;7;3;0,06039863096436481
684;53;F14;2021;8;2;0,040265753976243206
685;53;F14;2021;9;7;0,14093013891685122
686;53;F14;2021;10;3;0,06039863096436481
687;53;F14;2021;11;4;0,08053150795248641
688;53;F14;2021;12;7;0,14093013891685122
689;53;F14;2022;1;8;0,14845054741139357
690;53;F14;2022;2;8;0,14845054741139357
691;53;F14;2022;3;3;0,0556689552792726
692;53;F14;2022;4;5;0,09278159213212099
693;53;F14;2022;5;6;0,1113379105585452
694;53;F14;2022;6;2;0,037112636852848394
695;53;F14;2022;7;4;0,07422527370569679
696;53;F14;2022;8;9;0,16700686583781776
697;53;F14;2022;9;6;0,1113379105585452
698;53;F14;2022;10;3;0,0556689552792726
699;53;F14;2022;11;9;0,16700686583781776
700;53;F14;2022;12;9;0,16700686583781776
701;53;F15;2018;6;2;0,039077764751856196
702;53;F15;2018;8;1;0,019538882375928098
703;53;F15;2018;9;1;0,019538882375928098
704;53;F15;2018;10;2;0,039077764751856196
705;53;F15;2018;11;1;0,019538882375928098
706;53;F15;2019;4;1;0,016608536787908985
707;53;F15;2019;6;3;0,04982561036372695
708;53;F15;2019;8;1;0,016608536787908985
709;53;F15;2019;9;2;0,03321707357581797
710;53;F15;2019;11;1;0,016608536787908985
711;53;F15;2019;12;4;0,06643414715163594
712;53;F15;2020;4;3;0,06222775357809583
713;53;F15;2020;5;1;0,02074258452603194
714;53;F15;2020;8;1;0,02074258452603194
715;53;F15;2020;9;2;0,04148516905206388
716;53;F15;2021;4;2;0,040265753976243206
717;53;F15;2021;5;1;0,020132876988121603
718;53;F15;2021;8;1;0,020132876988121603
719;53;F15;2021;10;1;0,020132876988121603
720;53;F15;2022;1;1;0,018556318426424197
721;53;F15;2022;3;2;0,037112636852848394
722;53;F15;2022;4;2;0,037112636852848394
723;53;F15;2022;5;1;0,018556318426424197
724;53;F15;2022;8;1;0,018556318426424197
725;53;F15;2022;11;2;0,037112636852848394
726;53;F16;2018;2;3;0,058616647127784284
727;53;F16;2018;3;1;0,019538882375928098
728;53;F16;2018;5;1;0,019538882375928098
729;53;F16;2018;6;1;0,019538882375928098
730;53;F16;2018;7;2;0,039077764751856196
731;53;F16;2018;8;2;0,039077764751856196
732;53;F16;2018;9;4;0,07815552950371239
733;53;F16;2018;10;4;0,07815552950371239
734;53;F16;2018;12;2;0,039077764751856196
735;53;F16;2019;1;1;0,016608536787908985
736;53;F16;2019;4;1;0,016608536787908985
737;53;F16;2019;6;2;0,03321707357581797
738;53;F16;2019;7;2;0,03321707357581797
739;53;F16;2019;9;2;0,03321707357581797
740;53;F16;2019;10;2;0,03321707357581797
741;53;F16;2019;11;2;0,03321707357581797
742;53;F16;2019;12;1;0,016608536787908985
743;53;F16;2020;1;5;0,10371292263015972
744;53;F16;2020;2;2;0,04148516905206388
745;53;F16;2020;3;6;0,12445550715619166
746;53;F16;2020;4;1;0,02074258452603194
747;53;F16;2020;5;1;0,02074258452603194
748;53;F16;2020;7;2;0,04148516905206388
749;53;F16;2020;8;1;0,02074258452603194
750;53;F16;2020;9;3;0,06222775357809583
751;53;F16;2020;10;1;0,02074258452603194
752;53;F16;2020;12;1;0,02074258452603194
753;53;F16;2021;1;1;0,020132876988121603
754;53;F16;2021;3;1;0,020132876988121603
755;53;F16;2021;4;1;0,020132876988121603
756;53;F16;2021;7;2;0,040265753976243206
757;53;F16;2021;8;1;0,020132876988121603
758;53;F16;2022;2;2;0,037112636852848394
759;53;F16;2022;4;2;0,037112636852848394
760;53;F16;2022;5;1;0,018556318426424197
761;53;F16;2022;6;1;0,018556318426424197
762;53;F16;2022;7;2;0,037112636852848394
763;53;F16;2022;8;2;0,037112636852848394
764;53;F16;2022;9;1;0,018556318426424197
765;53;F16;2022;10;2;0,037112636852848394
766;53;F16;2022;11;1;0,018556318426424197
767;53;F17;2018;2;1;0,019538882375928098
768;53;F17;2018;8;1;0,019538882375928098
769;53;F17;2019;2;2;0,03321707357581797
770;53;F17;2019;4;1;0,016608536787908985
771;53;F17;2019;7;3;0,04982561036372695
772;53;F17;2020;1;1;0,02074258452603194
773;53;F17;2020;5;1;0,02074258452603194
774;53;F17;2020;7;2;0,04148516905206388
775;53;F17;2021;6;1;0,020132876988121603
776;53;F17;2021;7;2;0,040265753976243206
777;53;F17;2021;8;2;0,040265753976243206
778;53;F17;2021;10;1;0,020132876988121603
779;53;F17;2022;2;1;0,018556318426424197
780;53;F17;2022;5;1;0,018556318426424197
781;53;F17;2022;9;1;0,018556318426424197
782;53;F17;2022;10;1;0,018556318426424197
783;53;F17;2022;12;1;0,018556318426424197
784;53;F18;2018;2;1;0,019538882375928098
785;53;F18;2018;3;1;0,019538882375928098
786;53;F18;2018;9;1;0,019538882375928098
787;53;F18;2018;11;1;0,019538882375928098
788;53;F18;2018;12;1;0,019538882375928098
789;53;F18;2019;4;2;0,03321707357581797
790;53;F18;2019;6;1;0,016608536787908985
791;53;F18;2019;8;1;0,016608536787908985
792;53;F18;2019;9;2;0,03321707357581797
793;53;F18;2019;11;2;0,03321707357581797
794;53;F18;2020;1;2;0,04148516905206388
795;53;F18;2020;2;2;0,04148516905206388
796;53;F18;2020;3;1;0,02074258452603194
797;53;F18;2020;6;1;0,02074258452603194
798;53;F18;2020;8;1;0,02074258452603194
799;53;F18;2020;9;1;0,02074258452603194
800;53;F18;2021;4;1;0,020132876988121603
801;53;F18;2021;12;2;0,040265753976243206
802;53;F19;2018;1;12;0,23446658851113714
803;53;F19;2018;2;20;0,3907776475185619
804;53;F19;2018;3;9;0,1758499413833529
805;53;F19;2018;4;12;0,23446658851113714
806;53;F19;2018;5;13;0,25400547088706527
807;53;F19;2018;6;17;0,33216100039077767
808;53;F19;2018;7;16;0,31262211801484957
809;53;F19;2018;8;17;0,33216100039077767
810;53;F19;2018;9;19;0,3712387651426338
811;53;F19;2018;10;25;0,48847205939820243
812;53;F19;2018;11;6;0,11723329425556857
813;53;F19;2018;12;16;0,31262211801484957
814;53;F19;2019;1;14;0,2325195150307258
815;53;F19;2019;2;9;0,14947683109118087
816;53;F19;2019;3;22;0,36538780933399767
817;53;F19;2019;4;12;0,1993024414549078
818;53;F19;2019;5;19;0,3155621989702707
819;53;F19;2019;6;6;0,0996512207274539
820;53;F19;2019;7;15;0,2491280518186348
821;53;F19;2019;8;22;0,36538780933399767
822;53;F19;2019;9;18;0,29895366218236175
823;53;F19;2019;10;16;0,26573658860654376
824;53;F19;2019;11;13;0,2159109782428168
825;53;F19;2019;12;13;0,2159109782428168
826;53;F19;2020;1;22;0,45633685957270276
827;53;F19;2020;2;19;0,39410910599460697
828;53;F19;2020;3;13;0,2696535988384153
829;53;F19;2020;4;14;0,2903961833644472
830;53;F19;2020;5;11;0,22816842978635138
831;53;F19;2020;6;10;0,20742584526031943
832;53;F19;2020;7;12;0,24891101431238333
833;53;F19;2020;8;18;0,37336652146857496
834;53;F19;2020;9;17;0,352623936942543
835;53;F19;2020;10;17;0,352623936942543
836;53;F19;2020;11;8;0,16594067620825553
837;53;F19;2020;12;16;0,33188135241651107
838;53;F19;2021;1;18;0,36239178578618886
839;53;F19;2021;2;12;0,24159452385745925
840;53;F19;2021;3;13;0,2617274008455808
841;53;F19;2021;4;6;0,12079726192872962
842;53;F19;2021;5;14;0,28186027783370243
843;53;F19;2021;6;16;0,32212603180994565
844;53;F19;2021;7;14;0,28186027783370243
845;53;F19;2021;8;16;0,32212603180994565
846;53;F19;2021;9;10;0,20132876988121604
847;53;F19;2021;10;15;0,30199315482182404
848;53;F19;2021;11;13;0,2617274008455808
849;53;F19;2021;12;13;0,2617274008455808
850;53;F19;2022;1;9;0,16700686583781776
851;53;F19;2022;2;7;0,12989422898496938
852;53;F19;2022;3;16;0,29690109482278715
853;53;F19;2022;4;15;0,27834477639636296
854;53;F19;2022;5;15;0,27834477639636296
855;53;F19;2022;6;11;0,20411950269066617
856;53;F19;2022;7;17;0,31545741324921134
857;53;F19;2022;8;16;0,29690109482278715
858;53;F19;2022;9;13;0,24123213954351458
859;53;F19;2022;10;21;0,38968268695490815
860;53;F19;2022;11;13;0,24123213954351458
861;53;F19;2022;12;13;0,24123213954351458
862;53;F20;2018;1;52;1,016021883548261
863;53;F20;2018;2;39;0,7620164126611958
864;53;F20;2018;3;56;1,0941774130519732
865;53;F20;2018;4;60;1,1723329425556859
866;53;F20;2018;5;51;0,996483001172333
867;53;F20;2018;6;41;0,8010941774130519
868;53;F20;2018;7;46;0,8987885892926925
869;53;F20;2018;8;65;1,2700273544353264
870;53;F20;2018;9;62;1,211410707307542
871;53;F20;2018;10;53;1,0355607659241892
872;53;F20;2018;11;53;1,0355607659241892
873;53;F20;2018;12;50;0,9769441187964049
874;53;F20;2019;1;40;0,6643414715163595
875;53;F20;2019;2;40;0,6643414715163595
876;53;F20;2019;3;56;0,9300780601229032
877;53;F20;2019;4;75;1,2456402590931739
878;53;F20;2019;5;62;1,029729280850357
879;53;F20;2019;6;59;0,9799036704866302
880;53;F20;2019;7;60;0,9965122072745392
881;53;F20;2019;8;76;1,2622487958810829
882;53;F20;2019;9;55;0,9134695233349942
883;53;F20;2019;10;53;0,8802524497591762
884;53;F20;2019;11;45;0,7473841554559043
885;53;F20;2019;12;42;0,6975585450921774
886;53;F20;2020;1;61;1,2652976560879485
887;53;F20;2020;2;66;1,3690105787181084
888;53;F20;2020;3;64;1,3275254096660443
889;53;F20;2020;4;39;0,8089607965152459
890;53;F20;2020;5;38;0,7882182119892139
891;53;F20;2020;6;27;0,5600497822028625
892;53;F20;2020;7;34;0,705247873885086
893;53;F20;2020;8;35;0,7259904584111181
894;53;F20;2020;9;30;0,6222775357809583
895;53;F20;2020;10;30;0,6222775357809583
896;53;F20;2020;11;35;0,7259904584111181
897;53;F20;2020;12;52;1,078614395353661
898;53;F20;2021;1;47;0,9462452184417153
899;53;F20;2021;2;45;0,9059794644654722
900;53;F20;2021;3;42;0,8455808335011074
901;53;F20;2021;4;43;0,865713710489229
902;53;F20;2021;5;64;1,2885041272397826
903;53;F20;2021;6;45;0,9059794644654722
904;53;F20;2021;7;43;0,865713710489229
905;53;F20;2021;8;47;0,9462452184417153
906;53;F20;2021;9;52;1,0469096033823233
907;53;F20;2021;10;53;1,067042480370445
908;53;F20;2021;11;40;0,8053150795248641
909;53;F20;2021;12;42;0,8455808335011074
910;53;F20;2022;1;52;0,9649285581740583
911;53;F20;2022;2;44;0,8164780107626647
912;53;F20;2022;3;60;1,1133791055854518
913;53;F20;2022;4;41;0,7608090554833921
914;53;F20;2022;5;39;0,7236964186305437
915;53;F20;2022;6;28;0,5195769159398775
916;53;F20;2022;7;46;0,8535906476155131
917;53;F20;2022;8;62;1,1504917424383003
918;53;F20;2022;9;54;1,0020411950269066
919;53;F20;2022;10;46;0,8535906476155131
920;53;F20;2022;11;57;1,0577101503061792
921;53;F20;2022;12;54;1,0020411950269066
922;53;F21;2018;4;1;0,019538882375928098
923;53;F21;2018;6;1;0,019538882375928098
924;53;F21;2018;7;1;0,019538882375928098
925;53;F21;2019;2;1;0,016608536787908985
926;53;F21;2019;3;1;0,016608536787908985
927;53;F21;2019;4;2;0,03321707357581797
928;53;F21;2019;5;1;0,016608536787908985
929;53;F21;2019;6;1;0,016608536787908985
930;53;F21;2019;9;1;0,016608536787908985
931;53;F21;2019;11;1;0,016608536787908985
932;53;F21;2019;12;2;0,03321707357581797
933;53;F21;2020;2;2;0,04148516905206388
934;53;F21;2020;4;1;0,02074258452603194
935;53;F21;2020;6;1;0,02074258452603194
936;53;F21;2020;9;1;0,02074258452603194
937;53;F21;2021;9;1;0,020132876988121603
938;53;F21;2021;10;1;0,020132876988121603
939;53;F21;2021;11;1;0,020132876988121603
940;53;F21;2022;2;1;0,018556318426424197
941;53;F22;2018;1;1;0,019538882375928098
942;53;F22;2018;2;1;0,019538882375928098
943;53;F22;2018;3;2;0,039077764751856196
944;53;F22;2018;4;3;0,058616647127784284
945;53;F22;2018;5;2;0,039077764751856196
946;53;F22;2018;6;4;0,07815552950371239
947;53;F22;2018;7;3;0,058616647127784284
948;53;F22;2018;8;3;0,058616647127784284
949;53;F22;2018;11;1;0,019538882375928098
950;53;F22;2018;12;2;0,039077764751856196
951;53;F22;2019;1;2;0,03321707357581797
952;53;F22;2019;2;3;0,04982561036372695
953;53;F22;2019;3;5;0,08304268393954493
954;53;F22;2019;4;2;0,03321707357581797
955;53;F22;2019;5;4;0,06643414715163594
956;53;F22;2019;6;2;0,03321707357581797
957;53;F22;2019;7;6;0,0996512207274539
958;53;F22;2019;8;9;0,14947683109118087
959;53;F22;2019;9;1;0,016608536787908985
960;53;F22;2019;11;5;0,08304268393954493
961;53;F22;2019;12;4;0,06643414715163594
962;53;F22;2020;1;6;0,12445550715619166
963;53;F22;2020;2;3;0,06222775357809583
964;53;F22;2020;3;6;0,12445550715619166
965;53;F22;2020;4;4;0,08297033810412777
966;53;F22;2020;5;4;0,08297033810412777
967;53;F22;2020;6;1;0,02074258452603194
968;53;F22;2020;7;3;0,06222775357809583
969;53;F22;2020;8;2;0,04148516905206388
970;53;F22;2020;9;4;0,08297033810412777
971;53;F22;2020;10;4;0,08297033810412777
972;53;F22;2020;11;3;0,06222775357809583
973;53;F22;2020;12;5;0,10371292263015972
974;53;F22;2021;1;2;0,040265753976243206
975;53;F22;2021;2;4;0,08053150795248641
976;53;F22;2021;3;1;0,020132876988121603
977;53;F22;2021;4;1;0,020132876988121603
978;53;F22;2021;5;1;0,020132876988121603
979;53;F22;2021;7;3;0,06039863096436481
980;53;F22;2021;8;3;0,06039863096436481
981;53;F22;2021;9;6;0,12079726192872962
982;53;F22;2021;10;1;0,020132876988121603
983;53;F22;2021;11;1;0,020132876988121603
984;53;F22;2021;12;5;0,10066438494060802
985;53;F22;2022;1;5;0,09278159213212099
986;53;F22;2022;2;2;0,037112636852848394
987;53;F22;2022;3;2;0,037112636852848394
988;53;F22;2022;4;2;0,037112636852848394
989;53;F22;2022;5;4;0,07422527370569679
990;53;F22;2022;6;2;0,037112636852848394
991;53;F22;2022;7;2;0,037112636852848394
992;53;F22;2022;8;5;0,09278159213212099
993;53;F22;2022;9;4;0,07422527370569679
994;53;F22;2022;10;1;0,018556318426424197
995;53;F22;2022;11;3;0,0556689552792726
996;53;F23;2018;1;2;0,039077764751856196
997;53;F23;2018;2;4;0,07815552950371239
998;53;F23;2018;3;11;0,21492770613520906
999;53;F23;2018;4;5;0,09769441187964048
1000;53;F23;2018;5;10;0,19538882375928096
1001;53;F23;2018;6;23;0,4493942946463462
1002;53;F23;2018;7;8;0,15631105900742479
1003;53;F23;2018;8;12;0,23446658851113714
1004;53;F23;2018;9;14;0,2735443532629933
1005;53;F23;2018;10;9;0,1758499413833529
1006;53;F23;2018;11;9;0,1758499413833529
1007;53;F23;2018;12;8;0,15631105900742479
1008;53;F23;2019;1;10;0,16608536787908987
1009;53;F23;2019;2;15;0,2491280518186348
1010;53;F23;2019;3;20;0,33217073575817974
1011;53;F23;2019;4;15;0,2491280518186348
1012;53;F23;2019;5;23;0,38199634612190664
1013;53;F23;2019;6;20;0,33217073575817974
1014;53;F23;2019;7;21;0,3487792725460887
1015;53;F23;2019;8;22;0,36538780933399767
1016;53;F23;2019;9;22;0,36538780933399767
1017;53;F23;2019;10;18;0,29895366218236175
1018;53;F23;2019;11;15;0,2491280518186348
1019;53;F23;2019;12;7;0,1162597575153629
1020;53;F23;2020;1;10;0,20742584526031943
1021;53;F23;2020;2;12;0,24891101431238333
1022;53;F23;2020;3;20;0,41485169052063886
1023;53;F23;2020;4;10;0,20742584526031943
1024;53;F23;2020;5;10;0,20742584526031943
1025;53;F23;2020;6;8;0,16594067620825553
1026;53;F23;2020;7;10;0,20742584526031943
1027;53;F23;2020;8;8;0,16594067620825553
1028;53;F23;2020;9;9;0,18668326073428748
1029;53;F23;2020;10;11;0,22816842978635138
1030;53;F23;2020;11;6;0,12445550715619166
1031;53;F23;2020;12;14;0,2903961833644472
1032;53;F23;2021;1;17;0,34225890879806725
1033;53;F23;2021;2;12;0,24159452385745925
1034;53;F23;2021;3;6;0,12079726192872962
1035;53;F23;2021;4;9;0,18119589289309443
1036;53;F23;2021;5;11;0,22146164686933761
1037;53;F23;2021;6;11;0,22146164686933761
1038;53;F23;2021;7;8;0,16106301590497282
1039;53;F23;2021;8;11;0,22146164686933761
1040;53;F23;2021;9;15;0,30199315482182404
1041;53;F23;2021;10;16;0,32212603180994565
1042;53;F23;2021;11;16;0,32212603180994565
1043;53;F23;2021;12;18;0,36239178578618886
1044;53;F23;2022;1;20;0,37112636852848396
1045;53;F23;2022;2;16;0,29690109482278715
1046;53;F23;2022;3;14;0,25978845796993877
1047;53;F23;2022;4;11;0,20411950269066617
1048;53;F23;2022;5;20;0,37112636852848396
1049;53;F23;2022;6;6;0,1113379105585452
1050;53;F23;2022;7;5;0,09278159213212099
1051;53;F23;2022;8;11;0,20411950269066617
1052;53;F23;2022;9;14;0,25978845796993877
1053;53;F23;2022;10;12;0,2226758211170904
1054;53;F23;2022;11;15;0,27834477639636296
1055;53;F23;2022;12;23;0,42679532380775653
1056;53;F24;2019;3;1;0,016608536787908985
1057;53;F25;2018;1;5;0,09769441187964048
1058;53;F25;2018;2;5;0,09769441187964048
1059;53;F25;2018;3;5;0,09769441187964048
1060;53;F25;2018;4;6;0,11723329425556857
1061;53;F25;2018;5;5;0,09769441187964048
1062;53;F25;2018;6;8;0,15631105900742479
1063;53;F25;2018;7;4;0,07815552950371239
1064;53;F25;2018;8;3;0,058616647127784284
1065;53;F25;2018;9;2;0,039077764751856196
1066;53;F25;2018;10;4;0,07815552950371239
1067;53;F25;2018;11;4;0,07815552950371239
1068;53;F25;2018;12;2;0,039077764751856196
1069;53;F25;2019;1;8;0,13286829430327188
1070;53;F25;2019;2;7;0,1162597575153629
1071;53;F25;2019;3;3;0,04982561036372695
1072;53;F25;2019;4;4;0,06643414715163594
1073;53;F25;2019;5;17;0,2823451253944528
1074;53;F25;2019;6;5;0,08304268393954493
1075;53;F25;2019;7;13;0,2159109782428168
1076;53;F25;2019;8;7;0,1162597575153629
1077;53;F25;2019;9;9;0,14947683109118087
1078;53;F25;2019;10;5;0,08304268393954493
1079;53;F25;2019;12;6;0,0996512207274539
1080;53;F25;2020;1;8;0,16594067620825553
1081;53;F25;2020;2;6;0,12445550715619166
1082;53;F25;2020;3;4;0,08297033810412777
1083;53;F25;2020;5;2;0,04148516905206388
1084;53;F25;2020;6;1;0,02074258452603194
1085;53;F25;2020;7;3;0,06222775357809583
1086;53;F25;2020;8;3;0,06222775357809583
1087;53;F25;2020;9;4;0,08297033810412777
1088;53;F25;2020;10;3;0,06222775357809583
1089;53;F25;2020;11;3;0,06222775357809583
1090;53;F25;2020;12;2;0,04148516905206388
1091;53;F25;2021;1;6;0,12079726192872962
1092;53;F25;2021;2;7;0,14093013891685122
1093;53;F25;2021;3;4;0,08053150795248641
1094;53;F25;2021;4;3;0,06039863096436481
1095;53;F25;2021;5;3;0,06039863096436481
1096;53;F25;2021;6;1;0,020132876988121603
1097;53;F25;2021;7;7;0,14093013891685122
1098;53;F25;2021;8;2;0,040265753976243206
1099;53;F25;2021;9;3;0,06039863096436481
1100;53;F25;2021;10;4;0,08053150795248641
1101;53;F25;2021;11;6;0,12079726192872962
1102;53;F25;2021;12;6;0,12079726192872962
1103;53;F25;2022;1;5;0,09278159213212099
1104;53;F25;2022;2;6;0,1113379105585452
1105;53;F25;2022;3;10;0,18556318426424198
1106;53;F25;2022;4;6;0,1113379105585452
1107;53;F25;2022;5;3;0,0556689552792726
1108;53;F25;2022;6;3;0,0556689552792726
1109;53;F25;2022;7;1;0,018556318426424197
1110;53;F25;2022;8;2;0,037112636852848394
1111;53;F25;2022;9;2;0,037112636852848394
1112;53;F25;2022;10;7;0,12989422898496938
1113;53;F25;2022;11;4;0,07422527370569679
1114;53;F25;2022;12;8;0,14845054741139357
1115;53;F28;2018;2;3;0,058616647127784284
1116;53;F28;2018;4;2;0,039077764751856196
1117;53;F28;2018;5;2;0,039077764751856196
1118;53;F28;2018;6;1;0,019538882375928098
1119;53;F28;2018;8;2;0,039077764751856196
1120;53;F28;2018;11;1;0,019538882375928098
1121;53;F28;2018;12;5;0,09769441187964048
1122;53;F28;2019;1;2;0,03321707357581797
1123;53;F28;2019;3;4;0,06643414715163594
1124;53;F28;2019;4;1;0,016608536787908985
1125;53;F28;2019;6;1;0,016608536787908985
1126;53;F28;2019;7;3;0,04982561036372695
1127;53;F28;2019;8;2;0,03321707357581797
1128;53;F28;2019;9;2;0,03321707357581797
1129;53;F28;2019;10;3;0,04982561036372695
1130;53;F28;2020;2;1;0,02074258452603194
1131;53;F28;2020;3;1;0,02074258452603194
1132;53;F28;2020;4;1;0,02074258452603194
1133;53;F28;2020;7;1;0,02074258452603194
1134;53;F28;2020;11;1;0,02074258452603194
1135;53;F28;2021;2;1;0,020132876988121603
1136;53;F28;2021;6;1;0,020132876988121603
1137;53;F28;2021;7;1;0,020132876988121603
1138;53;F28;2021;8;1;0,020132876988121603
1139;53;F28;2021;12;1;0,020132876988121603
1140;53;F28;2022;1;1;0,018556318426424197
1141;53;F28;2022;2;1;0,018556318426424197
1142;53;F28;2022;4;1;0,018556318426424197
1143;53;F28;2022;6;3;0,0556689552792726
1144;53;F28;2022;8;3;0,0556689552792726
1145;53;F28;2022;9;1;0,018556318426424197
1146;53;F28;2022;10;2;0,037112636852848394
1147;53;F29;2018;1;49;0,9574052364204768
1148;53;F29;2018;2;49;0,9574052364204768
1149;53;F29;2018;3;55;1,0746385306760453
1150;53;F29;2018;4;55;1,0746385306760453
1151;53;F29;2018;5;35;0,6838608831574834
1152;53;F29;2018;6;47;0,9183274716686205
1153;53;F29;2018;7;60;1,1723329425556859
1154;53;F29;2018;8;58;1,1332551778038296
1155;53;F29;2018;9;52;1,016021883548261
1156;53;F29;2018;10;64;1,2504884720593983
1157;53;F29;2018;11;49;0,9574052364204768
1158;53;F29;2018;12;64;1,2504884720593983
1159;53;F29;2019;1;43;0,7141670818800864
1160;53;F29;2019;2;31;0,5148646404251785
1161;53;F29;2019;3;39;0,6477329347284505
1162;53;F29;2019;4;61;1,0131207440624481
1163;53;F29;2019;5;57;0,9466865969108121
1164;53;F29;2019;6;58;0,9632951336987211
1165;53;F29;2019;7;62;1,029729280850357
1166;53;F29;2019;8;60;0,9965122072745392
1167;53;F29;2019;9;35;0,5812987875768145
1168;53;F29;2019;10;37;0,6145158611526325
1169;53;F29;2019;11;37;0,6145158611526325
1170;53;F29;2019;12;47;0,7806012290317222
1171;53;F29;2020;1;40;0,8297033810412777
1172;53;F29;2020;2;39;0,8089607965152459
1173;53;F29;2020;3;58;1,2030699025098528
1174;53;F29;2020;4;56;1,161584733457789
1175;53;F29;2020;5;38;0,7882182119892139
1176;53;F29;2020;6;30;0,6222775357809583
1177;53;F29;2020;7;32;0,6637627048330221
1178;53;F29;2020;8;36;0,7467330429371499
1179;53;F29;2020;9;35;0,7259904584111181
1180;53;F29;2020;10;23;0,47707944409873476
1181;53;F29;2020;11;27;0,5600497822028625
1182;53;F29;2020;12;19;0,39410910599460697
1183;53;F29;2021;1;30;0,6039863096436481
1184;53;F29;2021;2;34;0,6845178175961345
1185;53;F29;2021;3;30;0,6039863096436481
1186;53;F29;2021;4;33;0,6643849406080129
1187;53;F29;2021;5;51;1,0267767263942018
1188;53;F29;2021;6;42;0,8455808335011074
1189;53;F29;2021;7;38;0,7650493255486209
1190;53;F29;2021;8;35;0,7046506945842561
1191;53;F29;2021;9;39;0,7851822025367425
1192;53;F29;2021;10;43;0,865713710489229
1193;53;F29;2021;11;32;0,6442520636198913
1194;53;F29;2021;12;24;0,4831890477149185
1195;53;F29;2022;1;37;0,6865837817776953
1196;53;F29;2022;2;42;0,7793653739098163
1197;53;F29;2022;3;51;0,9463722397476341
1198;53;F29;2022;4;41;0,7608090554833921
1199;53;F29;2022;5;32;0,5938021896455743
1200;53;F29;2022;6;43;0,7979216923362404
1201;53;F29;2022;7;35;0,6494711449248469
1202;53;F29;2022;8;30;0,5566895527927259
1203;53;F29;2022;9;29;0,5381332343663017
1204;53;F29;2022;10;31;0,5752458712191502
1205;53;F29;2022;11;38;0,7051401002041195
1206;53;F29;2022;12;44;0,8164780107626647
1207;53;F30;2018;1;3;0,058616647127784284
1208;53;F30;2018;2;1;0,019538882375928098
1209;53;F30;2018;3;2;0,039077764751856196
1210;53;F30;2018;4;6;0,11723329425556857
1211;53;F30;2018;5;5;0,09769441187964048
1212;53;F30;2018;6;6;0,11723329425556857
1213;53;F30;2018;7;4;0,07815552950371239
1214;53;F30;2018;8;3;0,058616647127784284
1215;53;F30;2018;9;5;0,09769441187964048
1216;53;F30;2018;10;2;0,039077764751856196
1217;53;F30;2018;11;2;0,039077764751856196
1218;53;F30;2018;12;1;0,019538882375928098
1219;53;F30;2019;1;1;0,016608536787908985
1220;53;F30;2019;4;5;0,08304268393954493
1221;53;F30;2019;6;3;0,04982561036372695
1222;53;F30;2019;7;6;0,0996512207274539
1223;53;F30;2019;8;6;0,0996512207274539
1224;53;F30;2019;9;2;0,03321707357581797
1225;53;F30;2019;10;5;0,08304268393954493
1226;53;F30;2019;11;7;0,1162597575153629
1227;53;F30;2019;12;2;0,03321707357581797
1228;53;F30;2020;1;8;0,16594067620825553
1229;53;F30;2020;2;3;0,06222775357809583
1230;53;F30;2020;3;3;0,06222775357809583
1231;53;F30;2020;4;2;0,04148516905206388
1232;53;F30;2020;5;2;0,04148516905206388
1233;53;F30;2020;6;7;0,1451980916822236
1234;53;F30;2020;7;3;0,06222775357809583
1235;53;F30;2020;8;1;0,02074258452603194
1236;53;F30;2020;9;3;0,06222775357809583
1237;53;F30;2020;10;2;0,04148516905206388
1238;53;F30;2020;12;3;0,06222775357809583
1239;53;F30;2021;1;2;0,040265753976243206
1240;53;F30;2021;3;3;0,06039863096436481
1241;53;F30;2021;4;2;0,040265753976243206
1242;53;F30;2021;5;1;0,020132876988121603
1243;53;F30;2021;6;2;0,040265753976243206
1244;53;F30;2021;7;6;0,12079726192872962
1245;53;F30;2021;8;2;0,040265753976243206
1246;53;F30;2021;9;4;0,08053150795248641
1247;53;F30;2021;10;2;0,040265753976243206
1248;53;F30;2021;11;2;0,040265753976243206
1249;53;F30;2021;12;3;0,06039863096436481
1250;53;F30;2022;1;5;0,09278159213212099
1251;53;F30;2022;2;1;0,018556318426424197
1252;53;F30;2022;3;1;0,018556318426424197
1253;53;F30;2022;4;3;0,0556689552792726
1254;53;F30;2022;6;2;0,037112636852848394
1255;53;F30;2022;8;1;0,018556318426424197
1256;53;F30;2022;9;1;0,018556318426424197
1257;53;F30;2022;10;2;0,037112636852848394
1258;53;F30;2022;11;1;0,018556318426424197
1259;53;F30;2022;12;1;0,018556318426424197
1260;53;F31;2018;1;40;0,7815552950371238
1261;53;F31;2018;2;56;1,0941774130519732
1262;53;F31;2018;3;42;0,8206330597889802
1263;53;F31;2018;4;58;1,1332551778038296
1264;53;F31;2018;5;54;1,0550996483001172
1265;53;F31;2018;6;63;1,2309495896834701
1266;53;F31;2018;7;62;1,211410707307542
1267;53;F31;2018;8;73;1,426338413442751
1268;53;F31;2018;9;79;1,5435717076983195
1269;53;F31;2018;10;80;1,5631105900742477
1270;53;F31;2018;11;68;1,3286440015631107
1271;53;F31;2018;12;62;1,211410707307542
1272;53;F31;2019;1;40;0,6643414715163595
1273;53;F31;2019;2;44;0,7307756186679953
1274;53;F31;2019;3;70;1,162597575153629
1275;53;F31;2019;4;56;0,9300780601229032
1276;53;F31;2019;5;72;1,195814648729447
1277;53;F31;2019;6;67;1,1127719647899021
1278;53;F31;2019;7;59;0,9799036704866302
1279;53;F31;2019;8;66;1,096163428001993
1280;53;F31;2019;9;53;0,8802524497591762
1281;53;F31;2019;10;61;1,0131207440624481
1282;53;F31;2019;11;60;0,9965122072745392
1283;53;F31;2019;12;63;1,046337817638266
1284;53;F31;2020;1;59;1,2238124870358846
1285;53;F31;2020;2;59;1,2238124870358846
1286;53;F31;2020;3;65;1,3482679941920763
1287;53;F31;2020;4;43;0,8919311346193736
1288;53;F31;2020;5;41;0,8504459655673097
1289;53;F31;2020;6;27;0,5600497822028625
1290;53;F31;2020;7;40;0,8297033810412777
1291;53;F31;2020;8;38;0,7882182119892139
1292;53;F31;2020;9;47;0,9749014727235014
1293;53;F31;2020;10;56;1,161584733457789
1294;53;F31;2020;11;50;1,0371292263015972
1295;53;F31;2020;12;45;0,9334163036714374
1296;53;F31;2021;1;45;0,9059794644654722
1297;53;F31;2021;2;45;0,9059794644654722
1298;53;F31;2021;3;44;0,8858465874773505
1299;53;F31;2021;4;30;0,6039863096436481
1300;53;F31;2021;5;51;1,0267767263942018
1301;53;F31;2021;6;49;0,9865109724179585
1302;53;F31;2021;7;51;1,0267767263942018
1303;53;F31;2021;8;50;1,00664384940608
1304;53;F31;2021;9;52;1,0469096033823233
1305;53;F31;2021;10;49;0,9865109724179585
1306;53;F31;2021;11;50;1,00664384940608
1307;53;F31;2021;12;47;0,9462452184417153
1308;53;F31;2022;1;43;0,7979216923362404
1309;53;F31;2022;2;41;0,7608090554833921
1310;53;F31;2022;3;51;0,9463722397476341
1311;53;F31;2022;4;47;0,8721469660419373
1312;53;F31;2022;5;64;1,1876043792911486
1313;53;F31;2022;6;45;0,8350343291890889
1314;53;F31;2022;7;69;1,2803859714232697
1315;53;F31;2022;8;69;1,2803859714232697
1316;53;F31;2022;9;69;1,2803859714232697
1317;53;F31;2022;10;60;1,1133791055854518
1318;53;F31;2022;11;65;1,2061606977175727
1319;53;F31;2022;12;59;1,0948227871590277
1320;53;F32;2018;1;18;0,3516998827667058
1321;53;F32;2018;2;13;0,25400547088706527
1322;53;F32;2018;3;18;0,3516998827667058
1323;53;F32;2018;4;30;0,5861664712778429
1324;53;F32;2018;5;32;0,6252442360296991
1325;53;F32;2018;6;48;0,9378663540445485
1326;53;F32;2018;7;42;0,8206330597889802
1327;53;F32;2018;8;33;0,6447831184056272
1328;53;F32;2018;9;37;0,7229386479093396
1329;53;F32;2018;10;44;0,8597108245408362
1330;53;F32;2018;11;63;1,2309495896834701
1331;53;F32;2018;12;35;0,6838608831574834
1332;53;F32;2019;1;57;0,9466865969108121
1333;53;F32;2019;2;55;0,9134695233349942
1334;53;F32;2019;3;65;1,079554891214084
1335;53;F32;2019;4;54;0,8968609865470852
1336;53;F32;2019;5;78;1,295465869456901
1337;53;F32;2019;6;51;0,8470353761833582
1338;53;F32;2019;7;55;0,9134695233349942
1339;53;F32;2019;8;76;1,2622487958810829
1340;53;F32;2019;9;53;0,8802524497591762
1341;53;F32;2019;10;70;1,162597575153629
1342;53;F32;2019;11;44;0,7307756186679953
1343;53;F32;2019;12;58;0,9632951336987211
1344;53;F32;2020;1;68;1,410495747770172
1345;53;F32;2020;2;59;1,2238124870358846
1346;53;F32;2020;3;34;0,705247873885086
1347;53;F32;2020;4;38;0,7882182119892139
1348;53;F32;2020;5;27;0,5600497822028625
1349;53;F32;2020;6;27;0,5600497822028625
1350;53;F32;2020;7;31;0,6430201203069903
1351;53;F32;2020;8;34;0,705247873885086
1352;53;F32;2020;9;30;0,6222775357809583
1353;53;F32;2020;10;47;0,9749014727235014
1354;53;F32;2020;11;41;0,8504459655673097
1355;53;F32;2020;12;44;0,9126737191454055
1356;53;F32;2021;1;54;1,0871753573585665
1357;53;F32;2021;2;35;0,7046506945842561
1358;53;F32;2021;3;47;0,9462452184417153
1359;53;F32;2021;4;49;0,9865109724179585
1360;53;F32;2021;5;47;0,9462452184417153
1361;53;F32;2021;6;45;0,9059794644654722
1362;53;F32;2021;7;43;0,865713710489229
1363;53;F32;2021;8;74;1,4898328971209986
1364;53;F32;2021;9;65;1,308637004227904
1365;53;F32;2021;10;52;1,0469096033823233
1366;53;F32;2021;11;64;1,2885041272397826
1367;53;F32;2021;12;56;1,1274411113348097
1368;53;F32;2022;1;43;0,7979216923362404
1369;53;F32;2022;2;31;0,5752458712191502
1370;53;F32;2022;3;52;0,9649285581740583
1371;53;F32;2022;4;35;0,6494711449248469
1372;53;F32;2022;5;57;1,0577101503061792
1373;53;F32;2022;6;46;0,8535906476155131
1374;53;F32;2022;7;77;1,4288365188346632
1375;53;F32;2022;8;83;1,5401744293932085
1376;53;F32;2022;9;89;1,6515123399517537
1377;53;F32;2022;10;85;1,5772870662460567
1378;53;F32;2022;11;74;1,3731675635553906
1379;53;F32;2022;12;61;1,131935424011876
1380;53;F33;2018;1;4;0,07815552950371239
1381;53;F33;2018;2;3;0,058616647127784284
1382;53;F33;2018;3;3;0,058616647127784284
1383;53;F33;2018;4;13;0,25400547088706527
1384;53;F33;2018;5;13;0,25400547088706527
1385;53;F33;2018;6;18;0,3516998827667058
1386;53;F33;2018;7;13;0,25400547088706527
1387;53;F33;2018;8;13;0,25400547088706527
1388;53;F33;2018;9;17;0,33216100039077767
1389;53;F33;2018;10;7;0,13677217663149666
1390;53;F33;2018;11;4;0,07815552950371239
1391;53;F33;2018;12;8;0,15631105900742479
1392;53;F33;2019;1;7;0,1162597575153629
1393;53;F33;2019;2;12;0,1993024414549078
1394;53;F33;2019;3;21;0,3487792725460887
1395;53;F33;2019;4;12;0,1993024414549078
1396;53;F33;2019;5;14;0,2325195150307258
1397;53;F33;2019;6;18;0,29895366218236175
1398;53;F33;2019;7;15;0,2491280518186348
1399;53;F33;2019;8;16;0,26573658860654376
1400;53;F33;2019;9;10;0,16608536787908987
1401;53;F33;2019;10;16;0,26573658860654376
1402;53;F33;2019;11;19;0,3155621989702707
1403;53;F33;2019;12;11;0,18269390466699884
1404;53;F33;2020;1;10;0,20742584526031943
1405;53;F33;2020;2;11;0,22816842978635138
1406;53;F33;2020;3;6;0,12445550715619166
1407;53;F33;2020;4;7;0,1451980916822236
1408;53;F33;2020;5;8;0,16594067620825553
1409;53;F33;2020;6;13;0,2696535988384153
1410;53;F33;2020;7;13;0,2696535988384153
1411;53;F33;2020;8;11;0,22816842978635138
1412;53;F33;2020;9;7;0,1451980916822236
1413;53;F33;2020;10;9;0,18668326073428748
1414;53;F33;2020;11;9;0,18668326073428748
1415;53;F33;2020;12;17;0,352623936942543
1416;53;F33;2021;1;24;0,4831890477149185
1417;53;F33;2021;2;25;0,50332192470304
1418;53;F33;2021;3;20;0,40265753976243207
1419;53;F33;2021;4;22;0,44292329373867523
1420;53;F33;2021;5;11;0,22146164686933761
1421;53;F33;2021;6;11;0,22146164686933761
1422;53;F33;2021;7;12;0,24159452385745925
1423;53;F33;2021;8;30;0,6039863096436481
1424;53;F33;2021;9;17;0,34225890879806725
1425;53;F33;2021;10;10;0,20132876988121604
1426;53;F33;2021;11;9;0,18119589289309443
1427;53;F33;2021;12;12;0,24159452385745925
1428;53;F33;2022;1;15;0,27834477639636296
1429;53;F33;2022;2;8;0,14845054741139357
1430;53;F33;2022;3;8;0,14845054741139357
1431;53;F33;2022;4;7;0,12989422898496938
1432;53;F33;2022;5;16;0,29690109482278715
1433;53;F33;2022;6;23;0,42679532380775653
1434;53;F33;2022;7;11;0,20411950269066617
1435;53;F33;2022;8;14;0,25978845796993877
1436;53;F33;2022;9;38;0,7051401002041195
1437;53;F33;2022;10;17;0,31545741324921134
1438;53;F33;2022;11;17;0,31545741324921134
1439;53;F33;2022;12;5;0,09278159213212099
1440;53;F34;2018;6;2;0,039077764751856196
1441;53;F34;2018;8;3;0,058616647127784284
1442;53;F34;2019;5;1;0,016608536787908985
1443;53;F34;2019;7;2;0,03321707357581797
1444;53;F34;2019;8;1;0,016608536787908985
1445;53;F34;2019;9;2;0,03321707357581797
1446;53;F34;2019;10;1;0,016608536787908985
1447;53;F34;2019;11;1;0,016608536787908985
1448;53;F34;2019;12;2;0,03321707357581797
1449;53;F34;2020;2;1;0,02074258452603194
1450;53;F34;2020;3;1;0,02074258452603194
1451;53;F34;2020;5;1;0,02074258452603194
1452;53;F34;2020;8;1;0,02074258452603194
1453;53;F34;2020;10;1;0,02074258452603194
1454;53;F34;2020;11;1;0,02074258452603194
1455;53;F34;2021;1;1;0,020132876988121603
1456;53;F34;2021;3;3;0,06039863096436481
1457;53;F34;2021;6;1;0,020132876988121603
1458;53;F34;2021;8;3;0,06039863096436481
1459;53;F34;2021;12;3;0,06039863096436481
1460;53;F34;2022;2;4;0,07422527370569679
1461;53;F34;2022;3;1;0,018556318426424197
1462;53;F34;2022;4;2;0,037112636852848394
1463;53;F34;2022;5;4;0,07422527370569679
1464;53;F34;2022;6;1;0,018556318426424197
1465;53;F34;2022;8;2;0,037112636852848394
1466;53;F34;2022;10;1;0,018556318426424197
1467;53;F38;2018;7;1;0,019538882375928098
1468;53;F38;2018;12;1;0,019538882375928098
1469;53;F38;2019;3;1;0,016608536787908985
1470;53;F38;2019;5;1;0,016608536787908985
1471;53;F38;2020;2;1;0,02074258452603194
1472;53;F38;2020;5;2;0,04148516905206388
1473;53;F38;2020;7;1;0,02074258452603194
1474;53;F38;2020;9;1;0,02074258452603194
1475;53;F38;2021;1;1;0,020132876988121603
1476;53;F38;2021;6;2;0,040265753976243206
1477;53;F38;2021;8;2;0,040265753976243206
1478;53;F38;2021;9;1;0,020132876988121603
1479;53;F38;2021;11;1;0,020132876988121603
1480;53;F38;2021;12;1;0,020132876988121603
1481;53;F38;2022;10;2;0,037112636852848394
1482;53;F38;2022;11;1;0,018556318426424197
1483;53;F38;2022;12;2;0,037112636852848394
1484;53;F39;2018;1;1;0,019538882375928098
1485;53;F39;2018;2;1;0,019538882375928098
1486;53;F39;2018;4;1;0,019538882375928098
1487;53;F39;2018;6;3;0,058616647127784284
1488;53;F39;2018;7;1;0,019538882375928098
1489;53;F39;2018;8;2;0,039077764751856196
1490;53;F39;2018;10;3;0,058616647127784284
1491;53;F39;2018;11;2;0,039077764751856196
1492;53;F39;2018;12;1;0,019538882375928098
1493;53;F39;2019;1;3;0,04982561036372695
1494;53;F39;2019;2;4;0,06643414715163594
1495;53;F39;2019;3;1;0,016608536787908985
1496;53;F39;2019;4;5;0,08304268393954493
1497;53;F39;2019;6;4;0,06643414715163594
1498;53;F39;2019;7;2;0,03321707357581797
1499;53;F39;2019;8;3;0,04982561036372695
1500;53;F39;2019;9;2;0,03321707357581797
1501;53;F39;2019;10;8;0,13286829430327188
1502;53;F39;2019;11;6;0,0996512207274539
1503;53;F39;2019;12;5;0,08304268393954493
1504;53;F39;2020;1;6;0,12445550715619166
1505;53;F39;2020;2;3;0,06222775357809583
1506;53;F39;2020;3;4;0,08297033810412777
1507;53;F39;2020;5;2;0,04148516905206388
1508;53;F39;2020;6;1;0,02074258452603194
1509;53;F39;2020;7;1;0,02074258452603194
1510;53;F39;2020;8;4;0,08297033810412777
1511;53;F39;2020;9;2;0,04148516905206388
1512;53;F39;2020;10;3;0,06222775357809583
1513;53;F39;2020;11;1;0,02074258452603194
1514;53;F39;2020;12;3;0,06222775357809583
1515;53;F39;2021;1;5;0,10066438494060802
1516;53;F39;2021;2;5;0,10066438494060802
1517;53;F39;2021;3;1;0,020132876988121603
1518;53;F39;2021;4;1;0,020132876988121603
1519;53;F39;2021;5;1;0,020132876988121603
1520;53;F39;2021;6;2;0,040265753976243206
1521;53;F39;2021;7;2;0,040265753976243206
1522;53;F39;2021;8;2;0,040265753976243206
1523;53;F39;2021;9;1;0,020132876988121603
1524;53;F39;2021;10;2;0,040265753976243206
1525;53;F39;2021;11;3;0,06039863096436481
1526;53;F39;2021;12;2;0,040265753976243206
1527;53;F39;2022;1;2;0,037112636852848394
1528;53;F39;2022;2;1;0,018556318426424197
1529;53;F39;2022;3;1;0,018556318426424197
1530;53;F39;2022;4;1;0,018556318426424197
1531;53;F39;2022;5;2;0,037112636852848394
1532;53;F39;2022;6;6;0,1113379105585452
1533;53;F39;2022;7;4;0,07422527370569679
1534;53;F39;2022;8;2;0,037112636852848394
1535;53;F39;2022;9;7;0,12989422898496938
1536;53;F39;2022;10;4;0,07422527370569679
1537;53;F39;2022;12;1;0,018556318426424197
1538;53;F40;2018;2;1;0,019538882375928098
1539;53;F40;2018;4;2;0,039077764751856196
1540;53;F40;2018;5;1;0,019538882375928098
1541;53;F40;2018;8;5;0,09769441187964048
1542;53;F40;2018;9;3;0,058616647127784284
1543;53;F40;2018;10;3;0,058616647127784284
1544;53;F40;2018;12;3;0,058616647127784284
1545;53;F40;2019;1;6;0,0996512207274539
1546;53;F40;2019;3;1;0,016608536787908985
1547;53;F40;2019;5;1;0,016608536787908985
1548;53;F40;2019;7;1;0,016608536787908985
1549;53;F40;2019;11;1;0,016608536787908985
1550;53;F40;2019;12;1;0,016608536787908985
1551;53;F40;2020;7;1;0,02074258452603194
1552;53;F40;2020;10;1;0,02074258452603194
1553;53;F40;2021;4;1;0,020132876988121603
1554;53;F40;2021;5;1;0,020132876988121603
1555;53;F40;2021;9;1;0,020132876988121603
1556;53;F40;2022;7;1;0,018556318426424197
1557;53;F41;2018;1;5;0,09769441187964048
1558;53;F41;2018;3;4;0,07815552950371239
1559;53;F41;2018;4;3;0,058616647127784284
1560;53;F41;2018;5;6;0,11723329425556857
1561;53;F41;2018;6;6;0,11723329425556857
1562;53;F41;2018;7;6;0,11723329425556857
1563;53;F41;2018;8;3;0,058616647127784284
1564;53;F41;2018;9;6;0,11723329425556857
1565;53;F41;2018;10;5;0,09769441187964048
1566;53;F41;2018;11;3;0,058616647127784284
1567;53;F41;2018;12;2;0,039077764751856196
1568;53;F41;2019;1;7;0,1162597575153629
1569;53;F41;2019;2;3;0,04982561036372695
1570;53;F41;2019;3;9;0,14947683109118087
1571;53;F41;2019;4;4;0,06643414715163594
1572;53;F41;2019;5;6;0,0996512207274539
1573;53;F41;2019;6;7;0,1162597575153629
1574;53;F41;2019;7;6;0,0996512207274539
1575;53;F41;2019;8;5;0,08304268393954493
1576;53;F41;2019;9;6;0,0996512207274539
1577;53;F41;2019;10;7;0,1162597575153629
1578;53;F41;2019;11;7;0,1162597575153629
1579;53;F41;2019;12;6;0,0996512207274539
1580;53;F41;2020;1;5;0,10371292263015972
1581;53;F41;2020;2;2;0,04148516905206388
1582;53;F41;2020;3;3;0,06222775357809583
1583;53;F41;2020;4;3;0,06222775357809583
1584;53;F41;2020;5;6;0,12445550715619166
1585;53;F41;2020;6;7;0,1451980916822236
1586;53;F41;2020;7;7;0,1451980916822236
1587;53;F41;2020;8;7;0,1451980916822236
1588;53;F41;2020;9;6;0,12445550715619166
1589;53;F41;2020;10;11;0,22816842978635138
1590;53;F41;2020;11;4;0,08297033810412777
1591;53;F41;2020;12;7;0,1451980916822236
1592;53;F41;2021;1;11;0,22146164686933761
1593;53;F41;2021;2;7;0,14093013891685122
1594;53;F41;2021;3;8;0,16106301590497282
1595;53;F41;2021;4;8;0,16106301590497282
1596;53;F41;2021;5;12;0,24159452385745925
1597;53;F41;2021;6;15;0,30199315482182404
1598;53;F41;2021;7;5;0,10066438494060802
1599;53;F41;2021;8;10;0,20132876988121604
1600;53;F41;2021;9;13;0,2617274008455808
1601;53;F41;2021;10;15;0,30199315482182404
1602;53;F41;2021;11;15;0,30199315482182404
1603;53;F41;2021;12;15;0,30199315482182404
1604;53;F41;2022;1;19;0,3525700501020598
1605;53;F41;2022;2;12;0,2226758211170904
1606;53;F41;2022;3;15;0,27834477639636296
1607;53;F41;2022;4;13;0,24123213954351458
1608;53;F41;2022;5;14;0,25978845796993877
1609;53;F41;2022;6;10;0,18556318426424198
1610;53;F41;2022;7;13;0,24123213954351458
1611;53;F41;2022;8;29;0,5381332343663017
1612;53;F41;2022;9;23;0,42679532380775653
1613;53;F41;2022;10;19;0,3525700501020598
1614;53;F41;2022;11;17;0,31545741324921134
1615;53;F41;2022;12;8;0,14845054741139357
1616;53;F42;2018;1;1;0,019538882375928098
1617;53;F42;2018;2;2;0,039077764751856196
1618;53;F42;2018;4;1;0,019538882375928098
1619;53;F42;2018;5;1;0,019538882375928098
1620;53;F42;2018;6;2;0,039077764751856196
1621;53;F42;2018;7;4;0,07815552950371239
1622;53;F42;2018;8;2;0,039077764751856196
1623;53;F42;2018;9;1;0,019538882375928098
1624;53;F42;2018;10;1;0,019538882375928098
1625;53;F42;2018;11;1;0,019538882375928098
1626;53;F42;2018;12;1;0,019538882375928098
1627;53;F42;2019;1;2;0,03321707357581797
1628;53;F42;2019;2;2;0,03321707357581797
1629;53;F42;2019;3;1;0,016608536787908985
1630;53;F42;2019;4;1;0,016608536787908985
1631;53;F42;2019;6;1;0,016608536787908985
1632;53;F42;2019;7;6;0,0996512207274539
1633;53;F42;2019;8;3;0,04982561036372695
1634;53;F42;2019;9;2;0,03321707357581797
1635;53;F42;2019;10;4;0,06643414715163594
1636;53;F42;2019;11;1;0,016608536787908985
1637;53;F42;2019;12;2;0,03321707357581797
1638;53;F42;2020;1;1;0,02074258452603194
1639;53;F42;2020;2;1;0,02074258452603194
1640;53;F42;2020;4;2;0,04148516905206388
1641;53;F42;2020;6;1;0,02074258452603194
1642;53;F42;2020;7;1;0,02074258452603194
1643;53;F42;2020;8;1;0,02074258452603194
1644;53;F42;2020;9;3;0,06222775357809583
1645;53;F42;2020;10;1;0,02074258452603194
1646;53;F42;2020;11;1;0,02074258452603194
1647;53;F42;2021;1;3;0,06039863096436481
1648;53;F42;2021;2;3;0,06039863096436481
1649;53;F42;2021;4;1;0,020132876988121603
1650;53;F42;2021;5;1;0,020132876988121603
1651;53;F42;2021;6;2;0,040265753976243206
1652;53;F42;2021;7;2;0,040265753976243206
1653;53;F42;2021;8;1;0,020132876988121603
1654;53;F42;2021;9;1;0,020132876988121603
1655;53;F42;2021;10;4;0,08053150795248641
1656;53;F42;2021;12;1;0,020132876988121603
1657;53;F42;2022;2;1;0,018556318426424197
1658;53;F42;2022;3;6;0,1113379105585452
1659;53;F42;2022;4;5;0,09278159213212099
1660;53;F42;2022;5;6;0,1113379105585452
1661;53;F42;2022;6;4;0,07422527370569679
1662;53;F42;2022;7;1;0,018556318426424197
1663;53;F42;2022;8;3;0,0556689552792726
1664;53;F42;2022;9;4;0,07422527370569679
1665;53;F42;2022;10;2;0,037112636852848394
1666;53;F42;2022;11;4;0,07422527370569679
1667;53;F42;2022;12;4;0,07422527370569679
1668;53;F43;2018;1;2;0,039077764751856196
1669;53;F43;2018;4;2;0,039077764751856196
1670;53;F43;2018;5;3;0,058616647127784284
1671;53;F43;2018;6;1;0,019538882375928098
1672;53;F43;2018;7;2;0,039077764751856196
1673;53;F43;2018;8;3;0,058616647127784284
1674;53;F43;2018;10;5;0,09769441187964048
1675;53;F43;2018;11;2;0,039077764751856196
1676;53;F43;2018;12;1;0,019538882375928098
1677;53;F43;2019;2;2;0,03321707357581797
1678;53;F43;2019;3;2;0,03321707357581797
1679;53;F43;2019;4;1;0,016608536787908985
1680;53;F43;2019;5;1;0,016608536787908985
1681;53;F43;2019;6;2;0,03321707357581797
1682;53;F43;2019;7;1;0,016608536787908985
1683;53;F43;2019;8;3;0,04982561036372695
1684;53;F43;2019;9;6;0,0996512207274539
1685;53;F43;2019;10;3;0,04982561036372695
1686;53;F43;2019;11;9;0,14947683109118087
1687;53;F43;2020;1;2;0,04148516905206388
1688;53;F43;2020;2;9;0,18668326073428748
1689;53;F43;2020;3;7;0,1451980916822236
1690;53;F43;2020;4;6;0,12445550715619166
1691;53;F43;2020;5;6;0,12445550715619166
1692;53;F43;2020;6;6;0,12445550715619166
1693;53;F43;2020;7;5;0,10371292263015972
1694;53;F43;2020;8;5;0,10371292263015972
1695;53;F43;2020;9;6;0,12445550715619166
1696;53;F43;2020;10;4;0,08297033810412777
1697;53;F43;2020;11;12;0,24891101431238333
1698;53;F43;2020;12;12;0,24891101431238333
1699;53;F43;2021;1;11;0,22146164686933761
1700;53;F43;2021;2;6;0,12079726192872962
1701;53;F43;2021;3;7;0,14093013891685122
1702;53;F43;2021;4;4;0,08053150795248641
1703;53;F43;2021;5;7;0,14093013891685122
1704;53;F43;2021;7;1;0,020132876988121603
1705;53;F43;2021;8;5;0,10066438494060802
1706;53;F43;2021;9;2;0,040265753976243206
1707;53;F43;2021;10;3;0,06039863096436481
1708;53;F43;2021;11;6;0,12079726192872962
1709;53;F43;2021;12;8;0,16106301590497282
1710;53;F43;2022;1;6;0,1113379105585452
1711;53;F43;2022;2;3;0,0556689552792726
1712;53;F43;2022;3;2;0,037112636852848394
1713;53;F43;2022;4;2;0,037112636852848394
1714;53;F43;2022;5;3;0,0556689552792726
1715;53;F43;2022;6;9;0,16700686583781776
1716;53;F43;2022;7;3;0,0556689552792726
1717;53;F43;2022;8;4;0,07422527370569679
1718;53;F43;2022;9;4;0,07422527370569679
1719;53;F43;2022;10;8;0,14845054741139357
1720;53;F43;2022;11;5;0,09278159213212099
1721;53;F43;2022;12;3;0,0556689552792726
1722;53;F44;2018;1;3;0,058616647127784284
1723;53;F44;2018;2;1;0,019538882375928098
1724;53;F44;2018;3;2;0,039077764751856196
1725;53;F44;2018;4;4;0,07815552950371239
1726;53;F44;2018;5;2;0,039077764751856196
1727;53;F44;2018;6;6;0,11723329425556857
1728;53;F44;2018;7;7;0,13677217663149666
1729;53;F44;2018;8;3;0,058616647127784284
1730;53;F44;2018;9;1;0,019538882375928098
1731;53;F44;2018;10;2;0,039077764751856196
1732;53;F44;2018;11;2;0,039077764751856196
1733;53;F44;2018;12;4;0,07815552950371239
1734;53;F44;2019;1;2;0,03321707357581797
1735;53;F44;2019;3;8;0,13286829430327188
1736;53;F44;2019;4;3;0,04982561036372695
1737;53;F44;2019;5;5;0,08304268393954493
1738;53;F44;2019;6;3;0,04982561036372695
1739;53;F44;2019;7;4;0,06643414715163594
1740;53;F44;2019;8;3;0,04982561036372695
1741;53;F44;2019;9;3;0,04982561036372695
1742;53;F44;2019;10;1;0,016608536787908985
1743;53;F44;2019;11;4;0,06643414715163594
1744;53;F44;2019;12;5;0,08304268393954493
1745;53;F44;2020;1;8;0,16594067620825553
1746;53;F44;2020;2;3;0,06222775357809583
1747;53;F44;2020;3;2;0,04148516905206388
1748;53;F44;2020;4;4;0,08297033810412777
1749;53;F44;2020;5;3;0,06222775357809583
1750;53;F44;2020;7;2;0,04148516905206388
1751;53;F44;2020;8;2;0,04148516905206388
1752;53;F44;2020;10;1;0,02074258452603194
1753;53;F44;2021;1;1;0,020132876988121603
1754;53;F44;2021;2;6;0,12079726192872962
1755;53;F44;2021;3;1;0,020132876988121603
1756;53;F44;2021;4;1;0,020132876988121603
1757;53;F44;2021;5;2;0,040265753976243206
1758;53;F44;2021;6;2;0,040265753976243206
1759;53;F44;2021;7;4;0,08053150795248641
1760;53;F44;2021;8;2;0,040265753976243206
1761;53;F44;2021;9;2;0,040265753976243206
1762;53;F44;2021;10;3;0,06039863096436481
1763;53;F44;2021;11;2;0,040265753976243206
1764;53;F44;2021;12;3;0,06039863096436481
1765;53;F44;2022;1;1;0,018556318426424197
1766;53;F44;2022;2;2;0,037112636852848394
1767;53;F44;2022;3;3;0,0556689552792726
1768;53;F44;2022;4;5;0,09278159213212099
1769;53;F44;2022;5;6;0,1113379105585452
1770;53;F44;2022;6;4;0,07422527370569679
1771;53;F44;2022;7;4;0,07422527370569679
1772;53;F44;2022;8;6;0,1113379105585452
1773;53;F44;2022;9;3;0,0556689552792726
1774;53;F44;2022;10;6;0,1113379105585452
1775;53;F44;2022;11;2;0,037112636852848394
1776;53;F45;2018;1;1;0,019538882375928098
1777;53;F45;2018;2;1;0,019538882375928098
1778;53;F45;2018;3;2;0,039077764751856196
1779;53;F45;2018;4;1;0,019538882375928098
1780;53;F45;2018;6;1;0,019538882375928098
1781;53;F45;2018;10;1;0,019538882375928098
1782;53;F45;2018;11;2;0,039077764751856196
1783;53;F45;2018;12;2;0,039077764751856196
1784;53;F45;2019;1;2;0,03321707357581797
1785;53;F45;2019;3;2;0,03321707357581797
1786;53;F45;2019;4;3;0,04982561036372695
1787;53;F45;2019;5;1;0,016608536787908985
1788;53;F45;2019;7;2;0,03321707357581797
1789;53;F45;2019;8;2;0,03321707357581797
1790;53;F45;2019;9;3;0,04982561036372695
1791;53;F45;2019;10;5;0,08304268393954493
1792;53;F45;2019;11;2;0,03321707357581797
1793;53;F45;2019;12;1;0,016608536787908985
1794;53;F45;2020;3;2;0,04148516905206388
1795;53;F45;2020;6;1;0,02074258452603194
1796;53;F45;2020;8;1;0,02074258452603194
1797;53;F45;2020;9;2;0,04148516905206388
1798;53;F45;2020;10;1;0,02074258452603194
1799;53;F45;2021;1;1;0,020132876988121603
1800;53;F45;2021;5;1;0,020132876988121603
1801;53;F45;2021;10;1;0,020132876988121603
1802;53;F45;2021;12;2;0,040265753976243206
1803;53;F45;2022;4;1;0,018556318426424197
1804;53;F45;2022;6;2;0,037112636852848394
1805;53;F45;2022;7;1;0,018556318426424197
1806;53;F45;2022;9;1;0,018556318426424197
1807;53;F45;2022;12;2;0,037112636852848394
1808;53;F48;2018;2;1;0,019538882375928098
1809;53;F48;2018;7;1;0,019538882375928098
1810;53;F48;2018;9;1;0,019538882375928098
1811;53;F48;2019;3;1;0,016608536787908985
1812;53;F48;2019;6;1;0,016608536787908985
1813;53;F48;2019;7;1;0,016608536787908985
1814;53;F48;2019;9;1;0,016608536787908985
1815;53;F48;2019;12;1;0,016608536787908985
1816;53;F48;2020;2;1;0,02074258452603194
1817;53;F48;2020;6;1;0,02074258452603194
1818;53;F48;2021;1;1;0,020132876988121603
1819;53;F48;2021;2;1;0,020132876988121603
1820;53;F48;2021;12;1;0,020132876988121603
1821;53;F48;2022;9;3;0,0556689552792726
1822;53;F50;2018;1;1;0,019538882375928098
1823;53;F50;2018;2;1;0,019538882375928098
1824;53;F50;2018;8;4;0,07815552950371239
1825;53;F50;2018;9;2;0,039077764751856196
1826;53;F50;2019;1;1;0,016608536787908985
1827;53;F50;2019;4;1;0,016608536787908985
1828;53;F50;2019;5;1;0,016608536787908985
1829;53;F50;2019;8;2;0,03321707357581797
1830;53;F50;2020;5;1;0,02074258452603194
1831;53;F50;2020;9;1;0,02074258452603194
1832;53;F50;2021;3;1;0,020132876988121603
1833;53;F50;2021;4;2;0,040265753976243206
1834;53;F50;2021;5;1;0,020132876988121603
1835;53;F50;2021;6;2;0,040265753976243206
1836;53;F50;2021;8;1;0,020132876988121603
1837;53;F50;2022;1;1;0,018556318426424197
1838;53;F50;2022;5;2;0,037112636852848394
1839;53;F50;2022;7;1;0,018556318426424197
1840;53;F51;2021;8;1;0,020132876988121603
1841;53;F51;2021;12;1;0,020132876988121603
1842;53;F52;2019;10;1;0,016608536787908985
1843;53;F53;2018;1;2;0,039077764751856196
1844;53;F53;2018;3;1;0,019538882375928098
1845;53;F53;2018;5;1;0,019538882375928098
1846;53;F53;2018;7;1;0,019538882375928098
1847;53;F53;2018;12;1;0,019538882375928098
1848;53;F53;2019;2;3;0,04982561036372695
1849;53;F53;2019;7;2;0,03321707357581797
1850;53;F53;2019;8;1;0,016608536787908985
1851;53;F53;2020;4;1;0,02074258452603194
1852;53;F53;2020;5;1;0,02074258452603194
1853;53;F53;2020;8;1;0,02074258452603194
1854;53;F53;2020;9;1;0,02074258452603194
1855;53;F53;2020;11;1;0,02074258452603194
1856;53;F53;2021;5;1;0,020132876988121603
1857;53;F53;2021;11;1;0,020132876988121603
1858;53;F53;2022;7;1;0,018556318426424197
1859;53;F53;2022;9;1;0,018556318426424197
1860;53;F54;2020;9;1;0,02074258452603194
1861;53;F54;2022;9;1;0,018556318426424197
1862;53;F55;2020;3;1;0,02074258452603194
1863;53;F55;2021;7;1;0,020132876988121603
1864;53;F55;2022;3;1;0,018556318426424197
1865;53;F55;2022;9;1;0,018556318426424197
1866;53;F59;2019;12;1;0,016608536787908985
1867;53;F60;2018;1;9;0,1758499413833529
1868;53;F60;2018;2;13;0,25400547088706527
1869;53;F60;2018;3;11;0,21492770613520906
1870;53;F60;2018;4;16;0,31262211801484957
1871;53;F60;2018;5;10;0,19538882375928096
1872;53;F60;2018;6;14;0,2735443532629933
1873;53;F60;2018;7;23;0,4493942946463462
1874;53;F60;2018;8;16;0,31262211801484957
1875;53;F60;2018;9;16;0,31262211801484957
1876;53;F60;2018;10;11;0,21492770613520906
1877;53;F60;2018;11;12;0,23446658851113714
1878;53;F60;2018;12;12;0,23446658851113714
1879;53;F60;2019;1;16;0,26573658860654376
1880;53;F60;2019;2;15;0,2491280518186348
1881;53;F60;2019;3;25;0,41521341969772463
1882;53;F60;2019;4;21;0,3487792725460887
1883;53;F60;2019;5;23;0,38199634612190664
1884;53;F60;2019;6;17;0,2823451253944528
1885;53;F60;2019;7;16;0,26573658860654376
1886;53;F60;2019;8;16;0,26573658860654376
1887;53;F60;2019;9;7;0,1162597575153629
1888;53;F60;2019;10;16;0,26573658860654376
1889;53;F60;2019;11;24;0,3986048829098156
1890;53;F60;2019;12;15;0,2491280518186348
1891;53;F60;2020;1;23;0,47707944409873476
1892;53;F60;2020;2;18;0,37336652146857496
1893;53;F60;2020;3;20;0,41485169052063886
1894;53;F60;2020;4;17;0,352623936942543
1895;53;F60;2020;5;12;0,24891101431238333
1896;53;F60;2020;6;7;0,1451980916822236
1897;53;F60;2020;7;6;0,12445550715619166
1898;53;F60;2020;8;7;0,1451980916822236
1899;53;F60;2020;9;15;0,3111387678904792
1900;53;F60;2020;10;16;0,33188135241651107
1901;53;F60;2020;11;6;0,12445550715619166
1902;53;F60;2020;12;19;0,39410910599460697
1903;53;F60;2021;1;19;0,38252466277431046
1904;53;F60;2021;2;19;0,38252466277431046
1905;53;F60;2021;3;20;0,40265753976243207
1906;53;F60;2021;4;9;0,18119589289309443
1907;53;F60;2021;5;24;0,4831890477149185
1908;53;F60;2021;6;22;0,44292329373867523
1909;53;F60;2021;7;21;0,4227904167505537
1910;53;F60;2021;8;19;0,38252466277431046
1911;53;F60;2021;9;17;0,34225890879806725
1912;53;F60;2021;10;17;0,34225890879806725
1913;53;F60;2021;11;18;0,36239178578618886
1914;53;F60;2021;12;18;0,36239178578618886
1915;53;F60;2022;1;13;0,24123213954351458
1916;53;F60;2022;2;15;0,27834477639636296
1917;53;F60;2022;3;20;0,37112636852848396
1918;53;F60;2022;4;25;0,4639079606606049
1919;53;F60;2022;5;23;0,42679532380775653
1920;53;F60;2022;6;24;0,4453516422341808
1921;53;F60;2022;7;28;0,5195769159398775
1922;53;F60;2022;8;24;0,4453516422341808
1923;53;F60;2022;9;24;0,4453516422341808
1924;53;F60;2022;10;18;0,33401373167563553
1925;53;F60;2022;11;33;0,6123585080719985
1926;53;F60;2022;12;27;0,5010205975134533
1927;53;F61;2018;7;1;0,019538882375928098
1928;53;F61;2018;9;1;0,019538882375928098
1929;53;F61;2019;8;1;0,016608536787908985
1930;53;F61;2020;9;1;0,02074258452603194
1931;53;F62;2021;3;1;0,020132876988121603
1932;53;F63;2019;1;1;0,016608536787908985
1933;53;F63;2019;2;1;0,016608536787908985
1934;53;F63;2019;4;2;0,03321707357581797
1935;53;F63;2019;9;1;0,016608536787908985
1936;53;F63;2019;11;1;0,016608536787908985
1937;53;F64;2022;6;1;0,018556318426424197
1938;53;F66;2018;9;2;0,039077764751856196
1939;53;F66;2021;8;2;0,040265753976243206
1940;53;F68;2018;6;1;0,019538882375928098
1941;53;F68;2019;10;1;0,016608536787908985
1942;53;F68;2020;1;1;0,02074258452603194
1943;53;F68;2021;1;1;0,020132876988121603
1944;53;F68;2021;3;2;0,040265753976243206
1945;53;F68;2021;5;2;0,040265753976243206
1946;53;F68;2021;9;1;0,020132876988121603
1947;53;F68;2022;3;2;0,037112636852848394
1948;53;F68;2022;4;1;0,018556318426424197
1949;53;F68;2022;9;1;0,018556318426424197
1950;53;F68;2022;11;1;0,018556318426424197
1951;53;F68;2022;12;1;0,018556318426424197
1952;53;F69;2019;2;1;0,016608536787908985
1953;53;F69;2019;5;1;0,016608536787908985
1954;53;F69;2019;6;1;0,016608536787908985
1955;53;F69;2019;7;2;0,03321707357581797
1956;53;F69;2022;11;1;0,018556318426424197
1957;53;F70;2018;1;2;0,039077764751856196
1958;53;F70;2018;2;1;0,019538882375928098
1959;53;F70;2018;3;3;0,058616647127784284
1960;53;F70;2018;4;2;0,039077764751856196
1961;53;F70;2018;6;2;0,039077764751856196
1962;53;F70;2018;7;5;0,09769441187964048
1963;53;F70;2018;8;2;0,039077764751856196
1964;53;F70;2018;9;5;0,09769441187964048
1965;53;F70;2018;10;3;0,058616647127784284
1966;53;F70;2018;11;3;0,058616647127784284
1967;53;F70;2018;12;2;0,039077764751856196
1968;53;F70;2019;1;2;0,03321707357581797
1969;53;F70;2019;2;2;0,03321707357581797
1970;53;F70;2019;3;1;0,016608536787908985
1971;53;F70;2019;4;2;0,03321707357581797
1972;53;F70;2019;6;2;0,03321707357581797
1973;53;F70;2019;7;3;0,04982561036372695
1974;53;F70;2019;8;6;0,0996512207274539
1975;53;F70;2019;9;2;0,03321707357581797
1976;53;F70;2019;10;3;0,04982561036372695
1977;53;F70;2019;11;4;0,06643414715163594
1978;53;F70;2019;12;3;0,04982561036372695
1979;53;F70;2020;1;2;0,04148516905206388
1980;53;F70;2020;2;5;0,10371292263015972
1981;53;F70;2020;3;1;0,02074258452603194
1982;53;F70;2020;4;2;0,04148516905206388
1983;53;F70;2020;5;3;0,06222775357809583
1984;53;F70;2020;6;1;0,02074258452603194
1985;53;F70;2020;7;2;0,04148516905206388
1986;53;F70;2020;8;3;0,06222775357809583
1987;53;F70;2020;9;3;0,06222775357809583
1988;53;F70;2020;10;5;0,10371292263015972
1989;53;F70;2020;11;5;0,10371292263015972
1990;53;F70;2020;12;5;0,10371292263015972
1991;53;F70;2021;1;6;0,12079726192872962
1992;53;F70;2021;2;6;0,12079726192872962
1993;53;F70;2021;3;4;0,08053150795248641
1994;53;F70;2021;4;7;0,14093013891685122
1995;53;F70;2021;5;9;0,18119589289309443
1996;53;F70;2021;6;2;0,040265753976243206
1997;53;F70;2021;7;2;0,040265753976243206
1998;53;F70;2021;8;3;0,06039863096436481
1999;53;F70;2021;9;9;0,18119589289309443
2000;53;F70;2021;10;6;0,12079726192872962
2001;53;F70;2021;11;3;0,06039863096436481
2002;53;F70;2021;12;3;0,06039863096436481
2003;53;F70;2022;1;3;0,0556689552792726
2004;53;F70;2022;2;3;0,0556689552792726
2005;53;F70;2022;3;1;0,018556318426424197
2006;53;F70;2022;4;2;0,037112636852848394
2007;53;F70;2022;5;7;0,12989422898496938
2008;53;F70;2022;6;6;0,1113379105585452
2009;53;F70;2022;7;4;0,07422527370569679
2010;53;F70;2022;8;6;0,1113379105585452
2011;53;F70;2022;9;8;0,14845054741139357
2012;53;F70;2022;10;4;0,07422527370569679
2013;53;F70;2022;11;4;0,07422527370569679
2014;53;F70;2022;12;10;0,18556318426424198
2015;53;F71;2018;1;2;0,039077764751856196
2016;53;F71;2018;3;1;0,019538882375928098
2017;53;F71;2018;4;3;0,058616647127784284
2018;53;F71;2018;5;3;0,058616647127784284
2019;53;F71;2018;6;1;0,019538882375928098
2020;53;F71;2018;7;5;0,09769441187964048
2021;53;F71;2018;8;9;0,1758499413833529
2022;53;F71;2018;9;9;0,1758499413833529
2023;53;F71;2018;10;5;0,09769441187964048
2024;53;F71;2018;11;1;0,019538882375928098
2025;53;F71;2018;12;4;0,07815552950371239
2026;53;F71;2019;1;1;0,016608536787908985
2027;53;F71;2019;2;4;0,06643414715163594
2028;53;F71;2019;3;3;0,04982561036372695
2029;53;F71;2019;4;1;0,016608536787908985
2030;53;F71;2019;5;1;0,016608536787908985
2031;53;F71;2019;6;7;0,1162597575153629
2032;53;F71;2019;7;4;0,06643414715163594
2033;53;F71;2019;8;5;0,08304268393954493
2034;53;F71;2019;9;7;0,1162597575153629
2035;53;F71;2019;10;9;0,14947683109118087
2036;53;F71;2019;11;5;0,08304268393954493
2037;53;F71;2019;12;7;0,1162597575153629
2038;53;F71;2020;1;8;0,16594067620825553
2039;53;F71;2020;2;5;0,10371292263015972
2040;53;F71;2020;3;7;0,1451980916822236
2041;53;F71;2020;4;4;0,08297033810412777
2042;53;F71;2020;5;2;0,04148516905206388
2043;53;F71;2020;6;1;0,02074258452603194
2044;53;F71;2020;7;2;0,04148516905206388
2045;53;F71;2020;8;1;0,02074258452603194
2046;53;F71;2020;9;4;0,08297033810412777
2047;53;F71;2020;10;5;0,10371292263015972
2048;53;F71;2020;11;4;0,08297033810412777
2049;53;F71;2020;12;2;0,04148516905206388
2050;53;F71;2021;1;4;0,08053150795248641
2051;53;F71;2021;2;4;0,08053150795248641
2052;53;F71;2021;3;7;0,14093013891685122
2053;53;F71;2021;4;10;0,20132876988121604
2054;53;F71;2021;5;6;0,12079726192872962
2055;53;F71;2021;6;3;0,06039863096436481
2056;53;F71;2021;7;8;0,16106301590497282
2057;53;F71;2021;8;4;0,08053150795248641
2058;53;F71;2021;9;7;0,14093013891685122
2059;53;F71;2021;10;7;0,14093013891685122
2060;53;F71;2021;11;6;0,12079726192872962
2061;53;F71;2021;12;7;0,14093013891685122
2062;53;F71;2022;1;2;0,037112636852848394
2063;53;F71;2022;2;6;0,1113379105585452
2064;53;F71;2022;3;11;0,20411950269066617
2065;53;F71;2022;4;7;0,12989422898496938
2066;53;F71;2022;5;9;0,16700686583781776
2067;53;F71;2022;6;6;0,1113379105585452
2068;53;F71;2022;7;5;0,09278159213212099
2069;53;F71;2022;8;8;0,14845054741139357
2070;53;F71;2022;9;8;0,14845054741139357
2071;53;F71;2022;10;3;0,0556689552792726
2072;53;F71;2022;11;5;0,09278159213212099
2073;53;F71;2022;12;5;0,09278159213212099
2074;53;F72;2018;4;1;0,019538882375928098
2075;53;F72;2018;5;2;0,039077764751856196
2076;53;F72;2018;6;1;0,019538882375928098
2077;53;F72;2018;9;1;0,019538882375928098
2078;53;F72;2018;11;2;0,039077764751856196
2079;53;F72;2018;12;1;0,019538882375928098
2080;53;F72;2019;3;5;0,08304268393954493
2081;53;F72;2019;5;4;0,06643414715163594
2082;53;F72;2019;6;2;0,03321707357581797
2083;53;F72;2019;7;2;0,03321707357581797
2084;53;F72;2019;8;2;0,03321707357581797
2085;53;F72;2019;11;2;0,03321707357581797
2086;53;F72;2019;12;2;0,03321707357581797
2087;53;F72;2020;1;2;0,04148516905206388
2088;53;F72;2020;3;1;0,02074258452603194
2089;53;F72;2020;4;2;0,04148516905206388
2090;53;F72;2020;5;1;0,02074258452603194
2091;53;F72;2020;6;2;0,04148516905206388
2092;53;F72;2020;7;3;0,06222775357809583
2093;53;F72;2020;8;1;0,02074258452603194
2094;53;F72;2020;9;1;0,02074258452603194
2095;53;F72;2020;11;1;0,02074258452603194
2096;53;F72;2020;12;1;0,02074258452603194
2097;53;F72;2021;4;1;0,020132876988121603
2098;53;F72;2021;10;5;0,10066438494060802
2099;53;F72;2022;8;4;0,07422527370569679
2100;53;F72;2022;10;1;0,018556318426424197
2101;53;F72;2022;11;1;0,018556318426424197
2102;53;F73;2018;2;1;0,019538882375928098
2103;53;F73;2018;3;1;0,019538882375928098
2104;53;F73;2019;3;1;0,016608536787908985
2105;53;F73;2020;4;1;0,02074258452603194
2106;53;F78;2018;8;2;0,039077764751856196
2107;53;F78;2019;6;2;0,03321707357581797
2108;53;F78;2020;1;1;0,02074258452603194
2109;53;F78;2020;2;1;0,02074258452603194
2110;53;F78;2020;3;2;0,04148516905206388
2111;53;F78;2020;4;1;0,02074258452603194
2112;53;F78;2020;9;1;0,02074258452603194
2113;53;F78;2020;12;1;0,02074258452603194
2114;53;F78;2021;11;1;0,020132876988121603
2115;53;F78;2022;11;1;0,018556318426424197
2116;53;F79;2018;1;3;0,058616647127784284
2117;53;F79;2018;2;3;0,058616647127784284
2118;53;F79;2018;3;3;0,058616647127784284
2119;53;F79;2018;4;1;0,019538882375928098
2120;53;F79;2018;5;5;0,09769441187964048
2121;53;F79;2018;6;6;0,11723329425556857
2122;53;F79;2018;7;4;0,07815552950371239
2123;53;F79;2018;8;1;0,019538882375928098
2124;53;F79;2018;9;2;0,039077764751856196
2125;53;F79;2018;11;3;0,058616647127784284
2126;53;F79;2018;12;3;0,058616647127784284
2127;53;F79;2019;1;3;0,04982561036372695
2128;53;F79;2019;2;3;0,04982561036372695
2129;53;F79;2019;3;5;0,08304268393954493
2130;53;F79;2019;4;5;0,08304268393954493
2131;53;F79;2019;5;1;0,016608536787908985
2132;53;F79;2019;6;2;0,03321707357581797
2133;53;F79;2019;7;1;0,016608536787908985
2134;53;F79;2019;8;4;0,06643414715163594
2135;53;F79;2019;9;3;0,04982561036372695
2136;53;F79;2019;10;2;0,03321707357581797
2137;53;F79;2019;11;3;0,04982561036372695
2138;53;F79;2019;12;2;0,03321707357581797
2139;53;F79;2020;2;1;0,02074258452603194
2140;53;F79;2020;3;1;0,02074258452603194
2141;53;F79;2020;4;4;0,08297033810412777
2142;53;F79;2020;5;2;0,04148516905206388
2143;53;F79;2020;9;1;0,02074258452603194
2144;53;F79;2020;11;2;0,04148516905206388
2145;53;F79;2021;1;1;0,020132876988121603
2146;53;F79;2021;2;2;0,040265753976243206
2147;53;F79;2021;3;4;0,08053150795248641
2148;53;F79;2021;4;2;0,040265753976243206
2149;53;F79;2021;5;3;0,06039863096436481
2150;53;F79;2021;6;1;0,020132876988121603
2151;53;F79;2021;7;1;0,020132876988121603
2152;53;F79;2021;8;6;0,12079726192872962
2153;53;F79;2021;9;5;0,10066438494060802
2154;53;F79;2021;10;3;0,06039863096436481
2155;53;F79;2021;11;4;0,08053150795248641
2156;53;F79;2021;12;3;0,06039863096436481
2157;53;F79;2022;1;5;0,09278159213212099
2158;53;F79;2022;2;4;0,07422527370569679
2159;53;F79;2022;3;2;0,037112636852848394
2160;53;F79;2022;4;3;0,0556689552792726
2161;53;F79;2022;5;1;0,018556318426424197
2162;53;F79;2022;6;2;0,037112636852848394
2163;53;F79;2022;7;4;0,07422527370569679
2164;53;F79;2022;8;3;0,0556689552792726
2165;53;F79;2022;11;1;0,018556318426424197
2166;53;F80;2018;3;1;0,019538882375928098
2167;53;F80;2020;4;1;0,02074258452603194
2168;53;F80;2020;11;1;0,02074258452603194
2169;53;F80;2022;1;1;0,018556318426424197
2170;53;F80;2022;7;1;0,018556318426424197
2171;53;F82;2020;9;1;0,02074258452603194
2172;53;F82;2021;2;1;0,020132876988121603
2173;53;F82;2022;6;1;0,018556318426424197
2174;53;F84;2018;2;3;0,058616647127784284
2175;53;F84;2018;3;1;0,019538882375928098
2176;53;F84;2018;4;1;0,019538882375928098
2177;53;F84;2018;6;2;0,039077764751856196
2178;53;F84;2018;7;2;0,039077764751856196
2179;53;F84;2018;8;2;0,039077764751856196
2180;53;F84;2018;9;2;0,039077764751856196
2181;53;F84;2018;11;1;0,019538882375928098
2182;53;F84;2018;12;1;0,019538882375928098
2183;53;F84;2019;1;1;0,016608536787908985
2184;53;F84;2019;2;2;0,03321707357581797
2185;53;F84;2019;4;2;0,03321707357581797
2186;53;F84;2019;5;2;0,03321707357581797
2187;53;F84;2019;6;1;0,016608536787908985
2188;53;F84;2019;7;1;0,016608536787908985
2189;53;F84;2019;8;2;0,03321707357581797
2190;53;F84;2019;9;2;0,03321707357581797
2191;53;F84;2019;10;7;0,1162597575153629
2192;53;F84;2019;11;1;0,016608536787908985
2193;53;F84;2019;12;1;0,016608536787908985
2194;53;F84;2020;1;3;0,06222775357809583
2195;53;F84;2020;2;2;0,04148516905206388
2196;53;F84;2020;3;1;0,02074258452603194
2197;53;F84;2020;4;3;0,06222775357809583
2198;53;F84;2020;5;4;0,08297033810412777
2199;53;F84;2020;8;1;0,02074258452603194
2200;53;F84;2020;10;3;0,06222775357809583
2201;53;F84;2020;11;1;0,02074258452603194
2202;53;F84;2020;12;3;0,06222775357809583
2203;53;F84;2021;1;2;0,040265753976243206
2204;53;F84;2021;2;1;0,020132876988121603
2205;53;F84;2021;4;1;0,020132876988121603
2206;53;F84;2021;5;1;0,020132876988121603
2207;53;F84;2021;7;1;0,020132876988121603
2208;53;F84;2021;10;2;0,040265753976243206
2209;53;F84;2021;11;1;0,020132876988121603
2210;53;F84;2021;12;3;0,06039863096436481
2211;53;F84;2022;1;3;0,0556689552792726
2212;53;F84;2022;2;2;0,037112636852848394
2213;53;F84;2022;3;1;0,018556318426424197
2214;53;F84;2022;4;2;0,037112636852848394
2215;53;F84;2022;5;2;0,037112636852848394
2216;53;F84;2022;7;2;0,037112636852848394
2217;53;F84;2022;8;1;0,018556318426424197
2218;53;F84;2022;9;2;0,037112636852848394
2219;53;F84;2022;10;1;0,018556318426424197
2220;53;F84;2022;11;2;0,037112636852848394
2221;53;F84;2022;12;7;0,12989422898496938
2222;53;F88;2018;11;1;0,019538882375928098
2223;53;F88;2019;7;1;0,016608536787908985
2224;53;F88;2020;12;1;0,02074258452603194
2225;53;F88;2021;2;3;0,06039863096436481
2226;53;F89;2018;11;1;0,019538882375928098
2227;53;F89;2018;12;1;0,019538882375928098
2228;53;F89;2019;7;3;0,04982561036372695
2229;53;F89;2020;1;1;0,02074258452603194
2230;53;F89;2020;6;1;0,02074258452603194
2231;53;F89;2021;1;1;0,020132876988121603
2232;53;F89;2022;7;1;0,018556318426424197
2233;53;F89;2022;9;1;0,018556318426424197
2234;53;F90;2018;1;1;0,019538882375928098
2235;53;F90;2018;3;2;0,039077764751856196
2236;53;F90;2018;6;1;0,019538882375928098
2237;53;F90;2018;7;1;0,019538882375928098
2238;53;F90;2018;8;2;0,039077764751856196
2239;53;F90;2019;7;1;0,016608536787908985
2240;53;F90;2019;12;1;0,016608536787908985
2241;53;F90;2020;9;1;0,02074258452603194
2242;53;F90;2022;12;1;0,018556318426424197
2243;53;F91;2018;1;1;0,019538882375928098
2244;53;F91;2018;2;1;0,019538882375928098
2245;53;F91;2018;3;3;0,058616647127784284
2246;53;F91;2018;4;6;0,11723329425556857
2247;53;F91;2018;5;5;0,09769441187964048
2248;53;F91;2018;6;15;0,29308323563892147
2249;53;F91;2018;7;3;0,058616647127784284
2250;53;F91;2018;8;9;0,1758499413833529
2251;53;F91;2018;9;12;0,23446658851113714
2252;53;F91;2018;10;8;0,15631105900742479
2253;53;F91;2018;11;15;0,29308323563892147
2254;53;F91;2019;1;4;0,06643414715163594
2255;53;F91;2019;2;3;0,04982561036372695
2256;53;F91;2019;3;2;0,03321707357581797
2257;53;F91;2019;4;2;0,03321707357581797
2258;53;F91;2019;5;2;0,03321707357581797
2259;53;F91;2019;7;1;0,016608536787908985
2260;53;F91;2019;8;1;0,016608536787908985
2261;53;F91;2019;10;3;0,04982561036372695
2262;53;F91;2019;11;1;0,016608536787908985
2263;53;F91;2020;2;1;0,02074258452603194
2264;53;F91;2020;4;4;0,08297033810412777
2265;53;F91;2020;5;1;0,02074258452603194
2266;53;F91;2020;6;4;0,08297033810412777
2267;53;F91;2020;10;4;0,08297033810412777
2268;53;F91;2020;12;5;0,10371292263015972
2269;53;F91;2021;1;2;0,040265753976243206
2270;53;F91;2021;2;1;0,020132876988121603
2271;53;F91;2021;4;4;0,08053150795248641
2272;53;F91;2021;5;2;0,040265753976243206
2273;53;F91;2021;6;1;0,020132876988121603
2274;53;F91;2021;7;2;0,040265753976243206
2275;53;F91;2021;8;1;0,020132876988121603
2276;53;F91;2021;9;3;0,06039863096436481
2277;53;F91;2021;10;3;0,06039863096436481
2278;53;F91;2021;11;2;0,040265753976243206
2279;53;F91;2021;12;3;0,06039863096436481
2280;53;F91;2022;2;2;0,037112636852848394
2281;53;F91;2022;3;5;0,09278159213212099
2282;53;F91;2022;4;3;0,0556689552792726
2283;53;F91;2022;5;4;0,07422527370569679
2284;53;F91;2022;6;3;0,0556689552792726
2285;53;F91;2022;7;2;0,037112636852848394
2286;53;F91;2022;8;3;0,0556689552792726
2287;53;F91;2022;9;7;0,12989422898496938
2288;53;F91;2022;10;5;0,09278159213212099
2289;53;F91;2022;11;2;0,037112636852848394
2290;53;F91;2022;12;1;0,018556318426424197
2291;53;F92;2018;1;1;0,019538882375928098
2292;53;F92;2018;2;6;0,11723329425556857
2293;53;F92;2018;3;1;0,019538882375928098
2294;53;F92;2018;4;3;0,058616647127784284
2295;53;F92;2018;7;5;0,09769441187964048
2296;53;F92;2018;8;4;0,07815552950371239
2297;53;F92;2018;10;1;0,019538882375928098
2298;53;F92;2018;11;3;0,058616647127784284
2299;53;F92;2019;1;2;0,03321707357581797
2300;53;F92;2019;2;3;0,04982561036372695
2301;53;F92;2019;4;1;0,016608536787908985
2302;53;F92;2019;5;1;0,016608536787908985
2303;53;F92;2019;6;1;0,016608536787908985
2304;53;F92;2019;9;2;0,03321707357581797
2305;53;F92;2019;11;1;0,016608536787908985
2306;53;F92;2019;12;2;0,03321707357581797
2307;53;F92;2020;1;5;0,10371292263015972
2308;53;F92;2020;2;4;0,08297033810412777
2309;53;F92;2020;3;4;0,08297033810412777
2310;53;F92;2020;4;1;0,02074258452603194
2311;53;F92;2020;5;1;0,02074258452603194
2312;53;F92;2020;6;2;0,04148516905206388
2313;53;F92;2020;7;2;0,04148516905206388
2314;53;F92;2020;8;2;0,04148516905206388
2315;53;F92;2020;9;1;0,02074258452603194
2316;53;F92;2020;10;2;0,04148516905206388
2317;53;F92;2020;12;8;0,16594067620825553
2318;53;F92;2021;1;4;0,08053150795248641
2319;53;F92;2021;2;4;0,08053150795248641
2320;53;F92;2021;3;2;0,040265753976243206
2321;53;F92;2021;8;1;0,020132876988121603
2322;53;F92;2021;9;1;0,020132876988121603
2323;53;F92;2021;11;3;0,06039863096436481
2324;53;F92;2021;12;1;0,020132876988121603
2325;53;F92;2022;1;3;0,0556689552792726
2326;53;F92;2022;2;1;0,018556318426424197
2327;53;F92;2022;4;1;0,018556318426424197
2328;53;F92;2022;5;5;0,09278159213212099
2329;53;F92;2022;6;2;0,037112636852848394
2330;53;F92;2022;7;2;0,037112636852848394
2331;53;F92;2022;8;7;0,12989422898496938
2332;53;F92;2022;9;7;0,12989422898496938
2333;53;F92;2022;10;1;0,018556318426424197
2334;53;F92;2022;11;6;0,1113379105585452
2335;53;F92;2022;12;2;0,037112636852848394
2336;53;F93;2018;9;1;0,019538882375928098
2337;53;F93;2019;2;1;0,016608536787908985
2338;53;F93;2019;3;1;0,016608536787908985
2339;53;F93;2019;5;1;0,016608536787908985
2340;53;F93;2019;6;2;0,03321707357581797
2341;53;F93;2019;8;1;0,016608536787908985
2342;53;F93;2019;9;1;0,016608536787908985
2343;53;F93;2019;11;4;0,06643414715163594
2344;53;F93;2020;2;1;0,02074258452603194
2345;53;F93;2020;3;1;0,02074258452603194
2346;53;F93;2020;5;1;0,02074258452603194
2347;53;F93;2020;6;1;0,02074258452603194
2348;53;F93;2020;7;1;0,02074258452603194
2349;53;F93;2020;10;2;0,04148516905206388
2350;53;F93;2020;11;1;0,02074258452603194
2351;53;F93;2021;4;1;0,020132876988121603
2352;53;F93;2021;8;2;0,040265753976243206
2353;53;F93;2021;11;1;0,020132876988121603
2354;53;F93;2021;12;1;0,020132876988121603
2355;53;F93;2022;5;1;0,018556318426424197
2356;53;F93;2022;8;1;0,018556318426424197
2357;53;F93;2022;9;1;0,018556318426424197
2358;53;F93;2022;12;1;0,018556318426424197
2359;53;F94;2018;2;1;0,019538882375928098
2360;53;F94;2019;1;1;0,016608536787908985
2361;53;F94;2019;4;1;0,016608536787908985
2362;53;F94;2019;5;1;0,016608536787908985
2363;53;F94;2019;6;2;0,03321707357581797
2364;53;F94;2019;8;1;0,016608536787908985
2365;53;F94;2019;12;2;0,03321707357581797
2366;53;F94;2020;5;1;0,02074258452603194
2367;53;F94;2020;12;1;0,02074258452603194
2368;53;F94;2021;1;1;0,020132876988121603
2369;53;F94;2021;7;1;0,020132876988121603
2370;53;F94;2021;10;1;0,020132876988121603
2371;53;F94;2021;11;1;0,020132876988121603
2372;53;F94;2022;9;1;0,018556318426424197
2373;53;F98;2018;5;1;0,019538882375928098
2374;53;F98;2021;5;1;0,020132876988121603
2375;53;F98;2022;5;1;0,018556318426424197
2376;53;F98;2022;6;1;0,018556318426424197
2377;53;F98;2022;8;1;0,018556318426424197
2378;53;F98;2022;9;1;0,018556318426424197
2379;53;F99;2019;8;3;0,04982561036372695
2380;53;F99;2019;10;1;0,016608536787908985
2381;53;F99;2020;2;1;0,02074258452603194
2382;53;F99;2021;1;1;0,020132876988121603
2383;53;F99;2021;3;1;0,020132876988121603
2384;53;F99;2021;5;3;0,06039863096436481
2385;53;F99;2021;11;1;0,020132876988121603
2386;53;F99;2021;12;1;0,020132876988121603
2387;53;F99;2022;1;1;0,018556318426424197
2388;53;F99;2022;6;1;0,018556318426424197
2389;53;F99;2022;12;1;0,018556318426424197
