MUNICIPIO_CODIGO;ANO;MES;TIPO_EQP;TOTAL_EQUIPES
110010;2020;12;75;1
110010;2021;12;75;1
110010;2022;12;75;1
110033;2021;12;75;1
110033;2022;12;75;1
120010;2020;12;75;1
120010;2021;12;75;1
120010;2022;12;75;1
120025;2022;12;75;1
120040;2021;12;75;2
120040;2022;12;75;2
130390;2022;12;75;1
150150;2021;12;75;1
150150;2022;12;75;1
150180;2022;12;75;1
150320;2022;12;75;2
150410;2022;12;75;1
150445;2021;12;75;1
150445;2022;12;75;1
150460;2021;12;75;1
150460;2022;12;75;1
150560;2022;12;75;1
150610;2021;12;75;1
150610;2022;12;75;1
150618;2021;12;75;1
150618;2022;12;75;1
150619;2022;12;75;1
150620;2021;12;75;1
150620;2022;12;75;1
150720;2022;12;75;1
150747;2021;12;75;1
150747;2022;12;75;1
170825;2021;12;75;1
170825;2022;12;75;1
170930;2021;12;75;1
170930;2022;12;75;1
171650;2022;12;75;1
210020;2021;12;75;1
210020;2022;12;75;1
210050;2022;12;75;1
210060;2021;12;75;1
210060;2022;12;75;1
210080;2021;12;75;1
210080;2022;12;75;1
210083;2022;12;75;1
210110;2022;12;75;1
210120;2021;12;75;3
210120;2022;12;75;3
210193;2021;12;75;1
210210;2021;12;75;1
210210;2022;12;75;1
210255;2021;12;75;1
210255;2022;12;75;1
210270;2021;12;75;1
210270;2022;12;75;1
210290;2022;12;75;1
210325;2021;12;75;1
210325;2022;12;75;1
210330;2019;12;60;1
210330;2020;12;75;1
210330;2021;12;75;1
210330;2022;12;75;1
210375;2021;12;75;1
210375;2022;12;75;1
210455;2021;12;75;1
210455;2022;12;75;1
210490;2021;12;75;1
210490;2022;12;75;1
210530;2021;12;75;3
210530;2022;12;75;3
210550;2021;12;75;1
210550;2022;12;75;1
210596;2021;12;75;1
210596;2022;12;75;1
210598;2021;12;75;1
210667;2021;12;75;1
210667;2022;12;75;1
210680;2022;12;75;1
210690;2022;12;75;1
210700;2021;12;75;1
210700;2022;12;75;1
210760;2022;12;75;1
210770;2022;12;75;1
210825;2021;12;75;1
210825;2022;12;75;1
210920;2022;12;75;1
210955;2021;12;75;1
210955;2022;12;75;1
211065;2022;12;75;1
211107;2021;12;75;1
211107;2022;12;75;1
211120;2020;12;75;1
211120;2021;12;75;1
211120;2022;12;75;1
211163;2021;12;75;1
211163;2022;12;75;1
211167;2021;12;75;1
211167;2022;12;75;1
211172;2022;12;75;1
211176;2021;12;75;1
211176;2022;12;75;1
211178;2021;12;75;1
211178;2022;12;75;1
211180;2022;12;75;1
211220;2021;12;75;1
211220;2022;12;75;1
211223;2021;12;75;1
211223;2022;12;75;1
211245;2022;12;75;1
211290;2022;12;75;1
220040;2021;12;75;1
220040;2022;12;75;1
220070;2022;12;75;1
220090;2021;12;75;1
220090;2022;12;75;1
220140;2022;12;75;1
220155;2022;12;75;1
220330;2022;12;75;1
220430;2022;12;75;1
220460;2022;12;75;1
220470;2022;12;75;1
220650;2021;12;75;1
220650;2022;12;75;1
220667;2021;12;75;1
220667;2022;12;75;1
220730;2021;12;75;1
220730;2022;12;75;1
220810;2022;12;75;1
221038;2022;12;75;1
221130;2022;12;75;1
221140;2022;12;75;1
221170;2022;12;75;1
230125;2022;12;75;1
230490;2022;12;75;1
230560;2022;12;75;1
230680;2022;12;75;1
230730;2022;12;75;1
230790;2022;12;75;1
230810;2022;12;75;4
230830;2021;12;75;2
231000;2020;12;75;1
231000;2021;12;75;1
231000;2022;12;75;1
231010;2021;12;75;1
231010;2022;12;75;1
231060;2022;12;75;1
231090;2021;12;75;1
231090;2022;12;75;1
231110;2022;12;75;1
231260;2022;12;75;1
231370;2021;12;75;1
231370;2022;12;75;1
240810;2022;12;75;2
250010;2022;12;75;1
250050;2019;12;58;1
250050;2020;12;75;1
250050;2021;12;75;1
250050;2022;12;75;1
250077;2021;12;75;1
250077;2022;12;75;1
250270;2019;12;58;1
250270;2020;12;75;1
250360;2019;12;58;1
250415;2019;12;58;1
250415;2020;12;75;1
250415;2021;12;75;1
250415;2022;12;75;1
250440;2019;12;58;1
250440;2020;12;75;1
250440;2021;12;75;1
250440;2022;12;75;1
250480;2020;12;75;1
250480;2021;12;75;1
250480;2022;12;75;1
250600;2020;12;75;1
250600;2021;12;75;1
250600;2022;12;75;2
250640;2020;12;75;1
250670;2020;12;75;1
250670;2021;12;75;1
250670;2022;12;75;1
250690;2021;12;75;1
250690;2022;12;75;1
250730;2019;12;58;1
250730;2020;12;75;1
250730;2021;12;75;1
250855;2019;12;58;1
250855;2020;12;75;1
250855;2021;12;75;1
250855;2022;12;75;1
250939;2021;12;75;1
250939;2022;12;75;1
250970;2019;12;60;1
250970;2020;12;75;1
250970;2021;12;75;1
250980;2019;12;58;1
250980;2020;12;75;1
250980;2021;12;75;1
250980;2022;12;75;1
251080;2020;12;75;1
251080;2021;12;75;1
251080;2022;12;75;1
251100;2021;12;75;1
251100;2022;12;75;1
251160;2019;12;58;1
251160;2020;12;75;1
251160;2021;12;75;1
251160;2022;12;75;1
251170;2019;12;58;1
251310;2022;12;75;1
251320;2021;12;75;1
251320;2022;12;75;1
251335;2020;12;75;1
251335;2021;12;75;1
251335;2022;12;75;1
251350;2019;12;58;1
251350;2020;12;75;1
251350;2021;12;75;1
251350;2022;12;75;1
251360;2019;12;58;1
251380;2019;12;58;1
251390;2022;12;75;1
251430;2021;12;75;1
251455;2021;12;75;1
251455;2022;12;75;1
251470;2020;12;75;1
251470;2021;12;75;1
251500;2020;12;75;1
251570;2022;12;75;1
251675;2021;12;75;1
251675;2022;12;75;1
251700;2021;12;75;1
251700;2022;12;75;1
251710;2020;12;75;1
251710;2021;12;75;1
251710;2022;12;75;1
251720;2019;12;58;1
251720;2020;12;58;1
251720;2021;12;58;1
260345;2019;12;58;1
260345;2020;12;75;1
260345;2021;12;75;1
260345;2022;12;75;1
260515;2019;12;58;1
260515;2020;12;75;1
260515;2021;12;75;1
260515;2022;12;75;1
260915;2022;12;75;1
261280;2022;12;75;1
270170;2019;12;60;1
270170;2020;12;75;1
270170;2021;12;75;1
270170;2022;12;75;1
270490;2021;12;75;1
270490;2022;12;75;1
270550;2021;12;75;2
270550;2022;12;75;2
270810;2022;12;75;1
270860;2021;12;75;2
270860;2022;12;75;2
270900;2021;12;75;1
270900;2022;12;75;1
280030;2021;12;75;6
280030;2022;12;75;6
280290;2021;12;75;1
280290;2022;12;75;1
280320;2022;12;75;1
280670;2019;12;60;2
280670;2020;12;75;2
280670;2021;12;75;2
280670;2022;12;75;2
280760;2021;12;75;1
280760;2022;12;75;1
290020;2022;12;75;1
290070;2021;12;75;1
290070;2022;12;75;1
290115;2021;12;75;1
290115;2022;12;75;1
290140;2021;12;75;1
290140;2022;12;75;1
290150;2022;12;75;1
290170;2021;12;75;1
290170;2022;12;75;1
290190;2021;12;75;1
290190;2022;12;75;1
290210;2021;12;75;1
290210;2022;12;75;1
290230;2021;12;75;1
290230;2022;12;75;1
290250;2019;12;58;1
290250;2020;12;75;1
290323;2022;12;75;1
290327;2020;12;75;1
290327;2021;12;75;1
290327;2022;12;75;1
290350;2021;12;75;1
290350;2022;12;75;1
290360;2020;12;75;1
290360;2022;12;75;1
290395;2019;12;59;1
290405;2022;12;75;1
290450;2022;12;75;1
290470;2020;12;75;1
290470;2021;12;75;1
290470;2022;12;75;1
290510;2020;12;75;1
290510;2021;12;75;1
290510;2022;12;75;1
290520;2020;12;75;1
290520;2021;12;75;1
290520;2022;12;75;1
290530;2021;12;75;1
290530;2022;12;75;1
290560;2021;12;75;1
290560;2022;12;75;1
290685;2021;12;75;1
290685;2022;12;75;1
290687;2021;12;75;1
290687;2022;12;75;1
290700;2021;12;75;1
290700;2022;12;75;1
290750;2022;12;75;1
290840;2021;12;75;1
290840;2022;12;75;1
290850;2021;12;75;1
290850;2022;12;75;1
290960;2022;12;75;1
291010;2020;12;75;1
291010;2021;12;75;1
291010;2022;12;75;1
291050;2021;12;75;1
291050;2022;12;75;1
291060;2021;12;75;1
291060;2022;12;75;1
291070;2021;12;75;1
291070;2022;12;75;1
291125;2021;12;75;1
291125;2022;12;75;1
291150;2021;12;75;1
291150;2022;12;75;1
291165;2022;12;75;1
291185;2021;12;75;1
291185;2022;12;75;1
291240;2022;12;75;1
291400;2021;12;75;1
291400;2022;12;75;1
291450;2021;12;75;1
291450;2022;12;75;1
291560;2022;12;75;1
291580;2022;12;75;1
291800;2022;12;75;1
291820;2021;12;75;1
291820;2022;12;75;1
291835;2019;12;59;1
291840;2020;12;75;1
291840;2021;12;75;1
291840;2022;12;75;1
291915;2019;12;59;1
291915;2020;12;75;1
291915;2021;12;75;1
291915;2022;12;75;1
291920;2019;12;59;1
291920;2020;12;75;1
291920;2021;12;75;1
291920;2022;12;75;1
292010;2022;12;75;1
292205;2022;12;75;1
292220;2022;12;75;1
292260;2022;12;75;1
292265;2020;12;75;1
292265;2021;12;75;1
292265;2022;12;75;1
292270;2021;12;75;1
292270;2022;12;75;1
292305;2022;12;75;1
292380;2022;12;75;1
292410;2021;12;75;1
292410;2022;12;75;1
292465;2021;12;75;1
292465;2022;12;75;1
292580;2021;12;75;1
292580;2022;12;75;1
292593;2021;12;75;1
292593;2022;12;75;1
292610;2021;12;75;1
292610;2022;12;75;1
292630;2022;12;75;1
292650;2021;12;75;1
292650;2022;12;75;1
292660;2021;12;75;1
292660;2022;12;75;1
292760;2020;12;75;1
292760;2021;12;75;1
292800;2021;12;75;1
292800;2022;12;75;1
292830;2021;12;75;1
292830;2022;12;75;1
292850;2021;12;75;1
292850;2022;12;75;1
292880;2021;12;75;1
292880;2022;12;75;1
292895;2021;12;75;1
292925;2020;12;75;1
292925;2021;12;75;1
292925;2022;12;75;1
292940;2021;12;75;1
292940;2022;12;75;1
293050;2020;12;75;2
293050;2021;12;75;2
293050;2022;12;75;2
293076;2021;12;75;1
293076;2022;12;75;1
293130;2022;12;75;1
293140;2021;12;75;1
293140;2022;12;75;1
293150;2020;12;75;1
293150;2021;12;75;1
293150;2022;12;75;1
293170;2021;12;75;1
293170;2022;12;75;1
293190;2022;12;75;1
293220;2022;12;75;1
293245;2020;12;75;1
293245;2021;12;75;1
293245;2022;12;75;1
293250;2021;12;75;1
293250;2022;12;75;1
293300;2021;12;75;1
293300;2022;12;75;1
293305;2020;12;75;1
293305;2021;12;75;1
293305;2022;12;75;1
293330;2018;12;60;2
293330;2019;12;60;2
293345;2021;12;75;1
293345;2022;12;75;1
293350;2021;12;75;1
310350;2021;12;75;1
310350;2022;12;75;1
310740;2021;12;75;2
310740;2022;12;75;3
310900;2019;12;60;3
310900;2020;12;75;3
310900;2021;12;75;3
310900;2022;12;75;3
310925;2021;12;75;1
310925;2022;12;75;1
311120;2019;12;59;1
311120;2020;12;75;1
311120;2021;12;75;1
311120;2022;12;75;1
311200;2022;12;75;1
311860;2020;12;75;8
311860;2021;12;75;8
311860;2022;12;75;8
312020;2021;12;75;1
312020;2022;12;75;1
312250;2021;12;75;1
312250;2022;12;75;1
312520;2021;12;75;1
312520;2022;12;75;1
312650;2022;12;75;2
312980;2021;12;75;6
312980;2022;12;75;6
313150;2021;12;75;1
313150;2022;12;75;1
313690;2021;12;75;1
313690;2022;12;75;1
313900;2021;12;75;1
313900;2022;12;75;1
314015;2021;12;75;1
314015;2022;12;75;1
314350;2021;12;75;1
314350;2022;12;75;1
314390;2021;12;75;1
314390;2022;12;75;1
314410;2021;12;75;1
314410;2022;12;75;1
314470;2022;12;75;1
314700;2022;12;75;1
314800;2020;12;75;2
314800;2021;12;75;2
314800;2022;12;75;2
315170;2019;12;58;1
315170;2020;12;75;1
315170;2021;12;75;1
315170;2022;12;75;1
315460;2021;12;75;4
315460;2022;12;75;4
315480;2020;12;75;1
315480;2021;12;75;1
315480;2022;12;75;1
316280;2022;12;75;1
316570;2021;12;75;1
316570;2022;12;75;1
316690;2021;12;75;1
316690;2022;12;75;1
317010;2019;12;60;1
317010;2020;12;75;1
317010;2021;12;75;1
317010;2022;12;75;1
317070;2021;12;75;2
317070;2022;12;75;2
317080;2021;12;75;2
317080;2022;12;75;2
317190;2021;12;75;1
317190;2022;12;75;1
317200;2021;12;75;1
317200;2022;12;75;1
320030;2019;12;60;1
320030;2020;12;75;1
320030;2021;12;75;1
320030;2022;12;75;1
320070;2021;12;75;1
320070;2022;12;75;1
320090;2020;12;75;1
320090;2021;12;75;1
320090;2022;12;75;1
320160;2020;12;75;1
320160;2021;12;75;1
320160;2022;12;75;1
320200;2019;12;58;1
320200;2020;12;75;1
320200;2021;12;75;1
320200;2022;12;75;1
320230;2019;12;60;1
320230;2020;12;60;1
320230;2022;12;60;1
320260;2019;12;58;1
320260;2020;12;75;1
320260;2021;12;75;1
320260;2022;12;75;1
320290;2020;12;75;1
320290;2021;12;75;1
320290;2022;12;75;1
320300;2021;12;75;1
320300;2022;12;75;1
320310;2022;12;75;1
320316;2022;12;75;1
320320;2021;12;75;2
320320;2022;12;75;2
320335;2019;12;58;1
320335;2020;12;75;1
320335;2021;12;75;1
320335;2022;12;75;1
320400;2019;12;59;1
320400;2020;12;75;1
320400;2021;12;75;1
320400;2022;12;75;1
320430;2021;12;75;1
320430;2022;12;75;1
320460;2020;12;75;1
320460;2021;12;75;1
320460;2022;12;75;1
320470;2019;12;58;1
320490;2020;12;75;1
320490;2021;12;75;1
320490;2022;12;75;1
320501;2019;12;59;1
320501;2020;12;75;1
320501;2021;12;75;1
320501;2022;12;75;1
320506;2020;12;75;1
320506;2021;12;75;1
320506;2022;12;75;1
320510;2019;12;58;2
330020;2021;12;75;1
330020;2022;12;75;1
330022;2022;12;75;1
330025;2021;12;75;1
330025;2022;12;75;1
330040;2022;12;75;1
330070;2021;12;75;4
330070;2022;12;75;4
330130;2021;12;75;1
330130;2022;12;75;1
330140;2021;12;75;1
330140;2022;12;75;1
330180;2021;12;75;1
330180;2022;12;75;1
330187;2021;12;75;1
330187;2022;12;75;1
330190;2021;12;75;1
330190;2022;12;75;1
330230;2022;12;75;1
330270;2021;12;75;4
330270;2022;12;75;4
330330;2022;12;75;2
330395;2022;12;75;1
330414;2021;12;75;1
330414;2022;12;75;1
330430;2021;12;75;1
330430;2022;12;75;1
330490;2021;12;75;2
330490;2022;12;75;2
330520;2021;12;75;1
330520;2022;12;75;1
330550;2021;12;75;1
330575;2021;12;75;2
330575;2022;12;75;2
330600;2021;12;75;3
330600;2022;12;75;3
350100;2020;12;75;1
350100;2021;12;75;1
350100;2022;12;75;1
350410;2019;12;59;2
350410;2020;12;75;2
350410;2021;12;75;2
350410;2022;12;75;1
350550;2019;12;58;2
350550;2019;12;59;1
350550;2020;12;75;3
350550;2021;12;75;3
350550;2022;12;75;3
350560;2020;12;75;1
350560;2021;12;75;1
350560;2022;12;75;1
350600;2021;12;75;1
350600;2022;12;75;1
350925;2020;12;75;1
350925;2021;12;75;1
350925;2022;12;75;1
351030;2021;12;75;1
351030;2022;12;75;1
351320;2019;12;58;1
351320;2020;12;75;1
351320;2021;12;75;1
351320;2022;12;75;1
351480;2020;12;75;1
351480;2021;12;75;1
351480;2022;12;75;1
351535;2021;12;75;1
351535;2022;12;75;1
351560;2021;12;75;1
351560;2022;12;75;1
351565;2022;12;75;1
351950;2022;12;75;1
352100;2020;12;75;1
352100;2021;12;75;1
352100;2022;12;75;1
352180;2020;12;75;1
352180;2021;12;75;1
352180;2022;12;75;1
352370;2019;12;58;1
352370;2020;12;75;1
352370;2021;12;75;1
352370;2022;12;75;1
352480;2022;12;75;1
352810;2022;12;75;1
352900;2022;12;75;1
352930;2020;12;75;2
352930;2021;12;75;2
352930;2022;12;75;2
353050;2022;12;75;2
353130;2021;12;75;1
353130;2022;12;75;1
353180;2021;12;75;1
353180;2022;12;75;1
353282;2022;12;75;1
353390;2020;12;75;1
353390;2021;12;75;1
353390;2022;12;75;1
353420;2019;12;60;1
353420;2020;12;75;1
353420;2021;12;75;1
353420;2022;12;75;1
353670;2019;12;58;1
353720;2022;12;75;1
353900;2020;12;75;1
353900;2021;12;75;1
353900;2022;12;75;1
354180;2022;12;75;1
354190;2020;12;75;1
354190;2021;12;75;1
354190;2022;12;75;1
354200;2022;12;75;1
354250;2020;12;75;1
354350;2020;12;75;1
354350;2021;12;75;1
354350;2022;12;75;1
354390;2021;12;75;1
354390;2022;12;75;1
354515;2022;12;75;1
354880;2021;12;75;2
354880;2022;12;75;2
355030;2020;12;75;1
355210;2020;12;75;1
355210;2021;12;75;1
355210;2022;12;75;1
355260;2021;12;75;1
355260;2022;12;75;1
355330;2020;12;75;1
355330;2021;12;75;1
355330;2022;12;75;1
355380;2021;12;75;1
355380;2022;12;75;1
355600;2021;12;75;1
355600;2022;12;75;1
355710;2019;12;60;1
355710;2020;12;75;1
355710;2021;12;75;1
355710;2022;12;75;1
410030;2021;12;75;1
410030;2022;12;75;1
410040;2021;12;75;1
410040;2022;12;75;1
410130;2021;12;75;1
410130;2022;12;75;1
410160;2021;12;75;1
410160;2022;12;75;1
410180;2022;12;75;1
410200;2021;12;75;2
410200;2022;12;75;1
410210;2021;12;75;1
410210;2022;12;75;1
410280;2021;12;75;1
410280;2022;12;75;1
410290;2021;12;75;1
410290;2022;12;75;1
410350;2021;12;75;1
410350;2022;12;75;1
410380;2021;12;75;1
410380;2022;12;75;1
410420;2021;12;75;1
410420;2022;12;75;2
410430;2021;12;75;1
410430;2022;12;75;1
410510;2021;12;75;1
410510;2022;12;75;1
410550;2021;12;75;3
410550;2022;12;75;3
410630;2020;12;75;1
410630;2021;12;75;1
410630;2022;12;75;2
410660;2021;12;75;1
410660;2022;12;75;1
410680;2021;12;75;1
410680;2022;12;75;1
410720;2021;12;75;1
410720;2022;12;75;1
410752;2021;12;75;1
410752;2022;12;75;1
410765;2021;12;75;1
410765;2022;12;75;1
410770;2021;12;75;1
410770;2022;12;75;1
410775;2021;12;75;1
410775;2022;12;75;1
410840;2019;12;60;1
410840;2020;12;75;1
410840;2021;12;75;2
410840;2022;12;75;2
410850;2021;12;75;1
410850;2022;12;75;1
410870;2022;12;75;1
410895;2021;12;75;1
410895;2022;12;75;1
410910;2022;12;75;1
411007;2021;12;75;1
411007;2022;12;75;1
411020;2021;12;75;1
411020;2022;12;75;1
411050;2022;12;75;1
411125;2021;12;75;1
411125;2022;12;75;1
411180;2022;12;75;1
411200;2021;12;75;1
411200;2022;12;75;1
411295;2021;12;75;1
411295;2022;12;75;1
411373;2021;12;75;1
411373;2022;12;75;1
411380;2021;12;75;1
411380;2022;12;75;1
411390;2021;12;75;1
411390;2022;12;75;1
411400;2021;12;75;1
411400;2022;12;75;1
411450;2022;12;75;1
411470;2021;12;75;1
411470;2022;12;75;1
411490;2022;12;75;1
411510;2021;12;75;1
411550;2021;12;75;1
411550;2022;12;75;1
411575;2021;12;75;1
411575;2022;12;75;1
411610;2022;12;75;1
411690;2021;12;75;1
411690;2022;12;75;1
411710;2021;12;75;1
411710;2022;12;75;1
411720;2021;12;75;1
411720;2022;12;75;1
411727;2021;12;75;1
411727;2022;12;75;1
411729;2021;12;75;1
411729;2022;12;75;1
411790;2021;12;75;1
411790;2022;12;75;1
411800;2022;12;75;1
411820;2019;12;59;1
411820;2020;12;75;1
411820;2021;12;75;1
411820;2022;12;75;1
411860;2021;12;75;1
411860;2022;12;75;1
411870;2021;12;75;1
411870;2022;12;75;1
411880;2022;12;75;1
411890;2021;12;75;1
411890;2022;12;75;1
411915;2021;12;75;1
411915;2022;12;75;1
411940;2021;12;75;1
411940;2022;12;75;1
411950;2021;12;75;1
411950;2022;12;75;1
411995;2022;12;75;1
412030;2021;12;75;1
412030;2022;12;75;1
412100;2021;12;75;1
412100;2022;12;75;1
412110;2021;12;75;1
412110;2022;12;75;1
412120;2021;12;75;1
412120;2022;12;75;1
412135;2021;12;75;1
412135;2022;12;75;1
412150;2021;12;75;1
412150;2022;12;75;1
412170;2022;12;75;1
412200;2021;12;75;1
412200;2022;12;75;1
412210;2021;12;75;1
412210;2022;12;75;1
412230;2021;12;75;1
412230;2022;12;75;1
412240;2021;12;75;1
412240;2022;12;75;1
412250;2021;12;75;1
412250;2022;12;75;1
412260;2021;12;75;1
412260;2022;12;75;1
412270;2022;12;75;2
412350;2021;12;75;1
412350;2022;12;75;1
412400;2021;12;75;1
412400;2022;12;75;1
412450;2022;12;75;1
412460;2022;12;75;1
412535;2021;12;75;1
412535;2022;12;75;1
412560;2021;12;75;1
412560;2022;12;75;1
412580;2022;12;75;1
412620;2022;12;75;1
412670;2022;12;75;1
412700;2021;12;75;1
412700;2022;12;75;1
412720;2022;12;75;1
412770;2019;12;59;1
412770;2020;12;75;1
412770;2021;12;75;1
412770;2022;12;75;1
412780;2021;12;75;1
412780;2022;12;75;1
412820;2021;12;75;1
412850;2021;12;75;1
412850;2022;12;75;1
412880;2021;12;75;1
412880;2022;12;75;1
420140;2020;12;75;1
420140;2021;12;75;1
420140;2022;12;75;1
420150;2022;12;75;1
420220;2022;12;75;1
420280;2022;12;75;1
420285;2021;12;75;1
420285;2022;12;75;1
420290;2019;12;60;1
420290;2020;12;75;1
420290;2021;12;75;1
420290;2022;12;75;1
420380;2019;12;58;1
420380;2020;12;75;1
420510;2021;12;75;1
420510;2022;12;75;1
420540;2022;12;75;4
420550;2021;12;75;1
420550;2022;12;75;1
420620;2022;12;75;1
420690;2021;12;75;1
420690;2022;12;75;1
420700;2022;12;75;1
420740;2021;12;75;1
420740;2022;12;75;1
420915;2021;12;75;1
420915;2022;12;75;1
420990;2021;12;75;1
420990;2022;12;75;1
421030;2021;12;75;1
421030;2022;12;75;1
421110;2021;12;75;1
421110;2022;12;75;1
421290;2020;12;75;1
421290;2021;12;75;1
421290;2022;12;75;1
421320;2022;12;75;1
421370;2021;12;75;1
421370;2022;12;75;1
421410;2021;12;75;1
421410;2022;12;75;1
421440;2022;12;75;1
421530;2021;12;75;1
421530;2022;12;75;1
421560;2022;12;75;1
421630;2021;12;75;1
421630;2022;12;75;2
421660;2019;12;59;1
421660;2020;12;75;1
421660;2021;12;75;1
421660;2022;12;75;1
421860;2021;12;75;1
421860;2022;12;75;1
421880;2021;12;75;1
421880;2022;12;75;1
421920;2021;12;75;1
421920;2022;12;75;1
421930;2019;12;59;1
421930;2020;12;75;1
421930;2021;12;75;1
421930;2022;12;75;1
421935;2021;12;75;1
421935;2022;12;75;1
430050;2021;12;75;1
430050;2022;12;75;1
430060;2020;12;75;1
430060;2021;12;75;1
430060;2022;12;75;1
430105;2021;12;75;1
430105;2022;12;75;1
430110;2021;12;75;1
430110;2022;12;75;1
430120;2021;12;75;1
430120;2022;12;75;1
430150;2021;12;75;1
430150;2022;12;75;1
430165;2020;12;75;1
430165;2021;12;75;1
430165;2022;12;75;1
430265;2020;12;75;1
430265;2021;12;75;1
430265;2022;12;75;1
430270;2021;12;75;1
430270;2022;12;75;1
430300;2020;12;75;1
430300;2021;12;75;4
430300;2022;12;75;3
430310;2022;12;75;2
430350;2021;12;75;1
430350;2022;12;75;1
430450;2021;12;75;1
430450;2022;12;75;1
430463;2021;12;75;1
430463;2022;12;75;1
430466;2021;12;75;1
430466;2022;12;75;1
430540;2021;12;75;1
430540;2022;12;75;1
430605;2021;12;75;1
430605;2022;12;75;1
430630;2022;12;75;1
430676;2021;12;75;1
430676;2022;12;75;1
430700;2021;12;75;1
430700;2022;12;75;2
430770;2021;12;75;1
430770;2022;12;75;1
430790;2021;12;75;1
430790;2022;12;75;1
430807;2022;12;75;1
430830;2022;12;75;1
430910;2022;12;75;2
430955;2020;12;75;1
430955;2021;12;75;1
430955;2022;12;75;1
430970;2022;12;75;1
431033;2021;12;75;1
431033;2022;12;75;1
431065;2021;12;75;1
431065;2022;12;75;1
431112;2022;12;75;1
431115;2022;12;75;1
431175;2021;12;75;1
431179;2020;12;75;1
431179;2021;12;75;1
431179;2022;12;75;1
431225;2021;12;75;1
431225;2022;12;75;1
431240;2020;12;75;1
431240;2021;12;75;1
431240;2022;12;75;1
431250;2021;12;75;1
431250;2022;12;75;1
431330;2021;12;75;1
431330;2022;12;75;1
431340;2021;12;75;2
431340;2022;12;75;2
431350;2021;12;75;1
431350;2022;12;75;1
431370;2021;12;75;1
431390;2021;12;75;1
431390;2022;12;75;1
431440;2021;12;75;2
431440;2022;12;75;2
431490;2020;12;75;11
431490;2021;12;75;14
431490;2022;12;75;14
431560;2022;12;75;1
431610;2022;12;75;1
431620;2022;12;75;1
431645;2020;12;75;1
431645;2021;12;75;1
431645;2022;12;75;1
431670;2020;12;75;1
431670;2021;12;75;1
431670;2022;12;75;1
431675;2021;12;75;1
431675;2022;12;75;1
431690;2020;12;75;1
431690;2021;12;75;1
431690;2022;12;75;1
431760;2020;12;75;1
431760;2021;12;75;1
431760;2022;12;75;1
431780;2022;12;75;1
431850;2020;12;75;1
431850;2021;12;75;1
431850;2022;12;75;1
431870;2020;12;75;1
431870;2021;12;75;1
431870;2022;12;75;1
431880;2020;12;75;1
431880;2021;12;75;1
431880;2022;12;75;1
431990;2021;12;75;2
431990;2022;12;75;2
432000;2021;12;75;1
432000;2022;12;75;1
432010;2021;12;75;1
432010;2022;12;75;2
432020;2021;12;75;1
432020;2022;12;75;1
432055;2021;12;75;1
432055;2022;12;75;1
432135;2021;12;75;1
432135;2022;12;75;1
432143;2022;12;75;1
432160;2020;12;75;1
432160;2021;12;75;1
432160;2022;12;75;1
432166;2020;12;75;1
432166;2021;12;75;1
432166;2022;12;75;1
432170;2021;12;75;1
432170;2022;12;75;1
432183;2020;12;75;1
432183;2021;12;75;1
432183;2022;12;75;1
432225;2022;12;75;1
432300;2021;12;75;1
432300;2022;12;75;2
432340;2022;12;75;1
432350;2020;12;75;1
432350;2021;12;75;1
432350;2022;12;75;1
432380;2021;12;75;1
432380;2022;12;75;1
500070;2021;12;75;1
500070;2022;12;75;1
500110;2021;12;75;1
500110;2022;12;75;1
500270;2019;12;60;1
500270;2020;12;75;1
500270;2021;12;75;2
500270;2022;12;75;2
500800;2022;12;75;1
500830;2021;12;75;4
500830;2022;12;75;4
510760;2021;12;75;2
510760;2022;12;75;2
520050;2021;12;75;1
520050;2022;12;75;1
520110;2021;12;75;3
520110;2022;12;75;3
520170;2020;12;75;1
520170;2021;12;75;1
520170;2022;12;75;1
520310;2022;12;75;1
520320;2021;12;75;1
520320;2022;12;75;1
520350;2019;12;58;1
520350;2020;12;75;1
520350;2021;12;75;1
520350;2022;12;75;1
520380;2021;12;75;1
520380;2022;12;75;1
520390;2021;12;75;1
520390;2022;12;75;1
520425;2021;12;75;1
520425;2022;12;75;1
520440;2022;12;75;1
520490;2021;12;75;1
520620;2021;12;75;1
520620;2022;12;75;1
520680;2021;12;75;1
520680;2022;12;75;1
520710;2021;12;75;1
520710;2022;12;75;1
520735;2022;12;75;1
520760;2022;12;75;1
520860;2021;12;75;1
520860;2022;12;75;1
520870;2021;12;75;7
520870;2022;12;75;7
520910;2021;12;75;1
520910;2022;12;75;1
520915;2021;12;75;1
520915;2022;12;75;1
520920;2022;12;75;1
520993;2021;12;75;1
520993;2022;12;75;1
520995;2022;12;75;1
521000;2021;12;75;1
521000;2022;12;75;1
521030;2021;12;75;1
521030;2022;12;75;1
521040;2022;12;75;1
521060;2022;12;75;1
521150;2021;12;75;1
521150;2022;12;75;3
521160;2021;12;75;1
521160;2022;12;75;1
521170;2022;12;75;1
521190;2019;12;59;1
521190;2020;12;75;1
521190;2021;12;75;1
521190;2022;12;75;1
521210;2021;12;75;1
521210;2022;12;75;1
521220;2021;12;75;1
521220;2022;12;75;1
521310;2021;12;75;2
521310;2022;12;75;2
521375;2021;12;75;1
521375;2022;12;75;1
521440;2021;12;75;1
521440;2022;12;75;1
521560;2021;12;75;2
521560;2022;12;75;2
521570;2021;12;75;1
521570;2022;12;75;1
521640;2021;12;75;1
521640;2022;12;75;1
521645;2022;12;75;1
521720;2022;12;75;1
521830;2022;12;75;1
521880;2020;12;75;3
521880;2021;12;75;4
521880;2022;12;75;4
521930;2021;12;75;1
521930;2022;12;75;1
521975;2020;12;75;1
522010;2021;12;75;1
522010;2022;12;75;1
522180;2019;12;58;1
522180;2020;12;75;1
522180;2021;12;75;1
522180;2022;12;75;1
530010;2021;12;75;6
530010;2022;12;75;8
