ESTADO_CODIGO;ESTADO_SIGLA;ESTADO_NOME;ANO;MES;ESTADO_POPULACAO;TIPO;ESTADO_QTDE_CAPS;ESTADO_IC
11;RO;Rondônia;2018;12;1616379;CAPS ALCOOL E DROGA;2;0,1237333570901379
11;RO;Rondônia;2018;12;1616379;CAPS I;13;0,40213341054294816
11;RO;Rondônia;2018;12;1616379;CAPS II;6;0,37120007127041366
11;RO;Rondônia;2018;12;1616379;CAPS INFANTO/JUVENIL;1;0,06186667854506895
11;RO;Rondônia;2019;12;1616379;CAPS ALCOOL E DROGA;2;0,1237333570901379
11;RO;Rondônia;2019;12;1616379;CAPS I;12;0,37120007127041366
11;RO;Rondônia;2019;12;1616379;CAPS II;7;0,43306674981548265
11;RO;Rondônia;2019;12;1616379;CAPS INFANTO/JUVENIL;1;0,06186667854506895
11;RO;Rondônia;2020;12;1616379;CAPS ALCOOL E DROGA;2;0,1237333570901379
11;RO;Rondônia;2020;12;1616379;CAPS I;13;0,40213341054294816
11;RO;Rondônia;2020;12;1616379;CAPS II;6;0,37120007127041366
11;RO;Rondônia;2020;12;1616379;CAPS INFANTO/JUVENIL;1;0,06186667854506895
11;RO;Rondônia;2021;12;1616379;CAPS ALCOOL E DROGA;2;0,1237333570901379
11;RO;Rondônia;2021;12;1616379;CAPS I;13;0,40213341054294816
11;RO;Rondônia;2021;12;1616379;CAPS II;6;0,37120007127041366
11;RO;Rondônia;2021;12;1616379;CAPS INFANTO/JUVENIL;1;0,06186667854506895
11;RO;Rondônia;2022;12;1616379;CAPS ALCOOL E DROGA;2;0,1237333570901379
11;RO;Rondônia;2022;12;1616379;CAPS I;13;0,40213341054294816
11;RO;Rondônia;2022;12;1616379;CAPS II;6;0,37120007127041366
11;RO;Rondônia;2022;12;1616379;CAPS INFANTO/JUVENIL;1;0,06186667854506895
12;AC;Acre;2018;12;829780;CAPS ALCOOL E DROGAS III - REGIONAL;1;0,12051387114656897
12;AC;Acre;2018;12;829780;CAPS I;5;0,30128467786642243
12;AC;Acre;2018;12;829780;CAPS II;2;0,24102774229313795
12;AC;Acre;2019;12;829780;CAPS ALCOOL E DROGAS III - REGIONAL;1;0,12051387114656897
12;AC;Acre;2019;12;829780;CAPS I;5;0,30128467786642243
12;AC;Acre;2019;12;829780;CAPS II;2;0,24102774229313795
12;AC;Acre;2020;12;829780;CAPS ALCOOL E DROGAS III - REGIONAL;1;0,12051387114656897
12;AC;Acre;2020;12;829780;CAPS I;6;0,3615416134397069
12;AC;Acre;2020;12;829780;CAPS II;2;0,24102774229313795
12;AC;Acre;2021;12;829780;CAPS ALCOOL E DROGAS III - REGIONAL;1;0,12051387114656897
12;AC;Acre;2021;12;829780;CAPS I;6;0,3615416134397069
12;AC;Acre;2021;12;829780;CAPS II;2;0,24102774229313795
12;AC;Acre;2021;12;829780;CAPS INFANTO/JUVENIL;1;0,12051387114656897
12;AC;Acre;2022;12;829780;CAPS ALCOOL E DROGAS III - REGIONAL;1;0,12051387114656897
12;AC;Acre;2022;12;829780;CAPS I;6;0,3615416134397069
12;AC;Acre;2022;12;829780;CAPS II;2;0,24102774229313795
12;AC;Acre;2022;12;829780;CAPS INFANTO/JUVENIL;1;0,12051387114656897
13;AM;Amazonas;2018;12;3952262;CAPS ALCOOL E DROGA;1;0,02530196631701036
13;AM;Amazonas;2018;12;3952262;CAPS ALCOOL E DROGAS III - MUNICIPAL;1;0,02530196631701036
13;AM;Amazonas;2018;12;3952262;CAPS I;18;0,22771769685309323
13;AM;Amazonas;2018;12;3952262;CAPS II;4;0,10120786526804144
13;AM;Amazonas;2018;12;3952262;CAPS III;3;0,11385884842654662
13;AM;Amazonas;2018;12;3952262;CAPS INFANTO/JUVENIL;1;0,02530196631701036
13;AM;Amazonas;2018;12;3952262;Não informado;1;0,0
13;AM;Amazonas;2019;12;3952262;CAPS ALCOOL E DROGA;1;0,02530196631701036
13;AM;Amazonas;2019;12;3952262;CAPS ALCOOL E DROGAS III - MUNICIPAL;1;0,02530196631701036
13;AM;Amazonas;2019;12;3952262;CAPS I;21;0,26567064632860876
13;AM;Amazonas;2019;12;3952262;CAPS II;4;0,10120786526804144
13;AM;Amazonas;2019;12;3952262;CAPS III;3;0,11385884842654662
13;AM;Amazonas;2019;12;3952262;CAPS INFANTO/JUVENIL;1;0,02530196631701036
13;AM;Amazonas;2020;12;3952262;CAPS ALCOOL E DROGA;1;0,02530196631701036
13;AM;Amazonas;2020;12;3952262;CAPS ALCOOL E DROGAS III - MUNICIPAL;1;0,02530196631701036
13;AM;Amazonas;2020;12;3952262;CAPS I;21;0,26567064632860876
13;AM;Amazonas;2020;12;3952262;CAPS II;4;0,10120786526804144
13;AM;Amazonas;2020;12;3952262;CAPS III;3;0,11385884842654662
13;AM;Amazonas;2020;12;3952262;CAPS INFANTO/JUVENIL;2;0,05060393263402072
13;AM;Amazonas;2021;12;3952262;CAPS ALCOOL E DROGA;2;0,05060393263402072
13;AM;Amazonas;2021;12;3952262;CAPS ALCOOL E DROGAS III - MUNICIPAL;1;0,02530196631701036
13;AM;Amazonas;2021;12;3952262;CAPS I;23;0,29097261264561913
13;AM;Amazonas;2021;12;3952262;CAPS II;4;0,10120786526804144
13;AM;Amazonas;2021;12;3952262;CAPS III;3;0,11385884842654662
13;AM;Amazonas;2021;12;3952262;CAPS INFANTO/JUVENIL;2;0,05060393263402072
13;AM;Amazonas;2022;12;3952262;CAPS ALCOOL E DROGA;2;0,05060393263402072
13;AM;Amazonas;2022;12;3952262;CAPS ALCOOL E DROGAS III - MUNICIPAL;1;0,02530196631701036
13;AM;Amazonas;2022;12;3952262;CAPS I;23;0,29097261264561913
13;AM;Amazonas;2022;12;3952262;CAPS II;4;0,10120786526804144
13;AM;Amazonas;2022;12;3952262;CAPS III;3;0,11385884842654662
13;AM;Amazonas;2022;12;3952262;CAPS INFANTO/JUVENIL;2;0,05060393263402072
14;RR;Roraima;2018;12;634805;CAPS ALCOOL E DROGAS III - REGIONAL;1;0,15752868991265034
14;RR;Roraima;2018;12;634805;CAPS I;8;0,6301147596506014
14;RR;Roraima;2018;12;634805;CAPS II;1;0,15752868991265034
14;RR;Roraima;2018;12;634805;CAPS III;1;0,23629303486897552
14;RR;Roraima;2019;12;634805;CAPS ALCOOL E DROGAS III - REGIONAL;1;0,15752868991265034
14;RR;Roraima;2019;12;634805;CAPS I;7;0,5513504146942761
14;RR;Roraima;2019;12;634805;CAPS II;1;0,15752868991265034
14;RR;Roraima;2019;12;634805;CAPS III;1;0,23629303486897552
14;RR;Roraima;2020;12;634805;CAPS ALCOOL E DROGAS III - REGIONAL;1;0,15752868991265034
14;RR;Roraima;2020;12;634805;CAPS I;7;0,5513504146942761
14;RR;Roraima;2020;12;634805;CAPS II;1;0,15752868991265034
14;RR;Roraima;2020;12;634805;CAPS III;1;0,23629303486897552
14;RR;Roraima;2021;12;634805;CAPS ALCOOL E DROGAS III - REGIONAL;1;0,15752868991265034
14;RR;Roraima;2021;12;634805;CAPS I;8;0,6301147596506014
14;RR;Roraima;2021;12;634805;CAPS II;1;0,15752868991265034
14;RR;Roraima;2021;12;634805;CAPS III;1;0,23629303486897552
14;RR;Roraima;2022;12;634805;CAPS ALCOOL E DROGAS III - REGIONAL;1;0,15752868991265034
14;RR;Roraima;2022;12;634805;CAPS I;8;0,6301147596506014
14;RR;Roraima;2022;12;634805;CAPS II;1;0,15752868991265034
14;RR;Roraima;2022;12;634805;CAPS III;1;0,23629303486897552
15;PA;Pará;2018;12;8442962;CAPS ALCOOL E DROGA;8;0,09475347632738368
15;PA;Pará;2018;12;8442962;CAPS I;62;0,36716972076861176
15;PA;Pará;2018;12;8442962;CAPS II;18;0,2131953217366133
15;PA;Pará;2018;12;8442962;CAPS III;2;0,03553255362276888
15;PA;Pará;2018;12;8442962;CAPS INFANTO/JUVENIL;2;0,02368836908184592
15;PA;Pará;2018;12;8442962;Não informado;3;0,0
15;PA;Pará;2019;12;8442962;CAPS ALCOOL E DROGA;9;0,10659766086830665
15;PA;Pará;2019;12;8442962;CAPS I;66;0,39085808985045767
15;PA;Pará;2019;12;8442962;CAPS II;18;0,2131953217366133
15;PA;Pará;2019;12;8442962;CAPS III;2;0,03553255362276888
15;PA;Pará;2019;12;8442962;CAPS INFANTO/JUVENIL;3;0,03553255362276888
15;PA;Pará;2020;12;8442962;CAPS ALCOOL E DROGA;9;0,10659766086830665
15;PA;Pará;2020;12;8442962;CAPS I;66;0,39085808985045767
15;PA;Pará;2020;12;8442962;CAPS II;18;0,2131953217366133
15;PA;Pará;2020;12;8442962;CAPS III;2;0,03553255362276888
15;PA;Pará;2020;12;8442962;CAPS INFANTO/JUVENIL;3;0,03553255362276888
15;PA;Pará;2020;12;8442962;Não informado;1;0,0
15;PA;Pará;2021;12;8442962;CAPS ALCOOL E DROGA;9;0,10659766086830665
15;PA;Pará;2021;12;8442962;CAPS I;69;0,40862436666184215
15;PA;Pará;2021;12;8442962;CAPS II;18;0,2131953217366133
15;PA;Pará;2021;12;8442962;CAPS III;2;0,03553255362276888
15;PA;Pará;2021;12;8442962;CAPS INFANTO/JUVENIL;3;0,03553255362276888
15;PA;Pará;2022;12;8442962;CAPS ALCOOL E DROGA;9;0,10659766086830665
15;PA;Pará;2022;12;8442962;CAPS I;76;0,4500790125550725
15;PA;Pará;2022;12;8442962;CAPS II;17;0,20135113719569034
15;PA;Pará;2022;12;8442962;CAPS III;3;0,05329883043415332
15;PA;Pará;2022;12;8442962;CAPS INFANTO/JUVENIL;4;0,04737673816369184
15;PA;Pará;2022;12;8442962;Não informado;1;0,0
16;AP;Amapá;2018;12;774268;CAPS ALCOOL E DROGA;2;0,25830849266662187
16;AP;Amapá;2018;12;774268;CAPS I;4;0,25830849266662187
16;AP;Amapá;2018;12;774268;CAPS II;1;0,12915424633331093
16;AP;Amapá;2018;12;774268;CAPS INFANTO/JUVENIL;1;0,12915424633331093
16;AP;Amapá;2019;12;774268;CAPS ALCOOL E DROGA;2;0,25830849266662187
16;AP;Amapá;2019;12;774268;CAPS I;4;0,25830849266662187
16;AP;Amapá;2019;12;774268;CAPS II;1;0,12915424633331093
16;AP;Amapá;2019;12;774268;CAPS INFANTO/JUVENIL;1;0,12915424633331093
16;AP;Amapá;2020;12;774268;CAPS ALCOOL E DROGA;2;0,25830849266662187
16;AP;Amapá;2020;12;774268;CAPS I;4;0,25830849266662187
16;AP;Amapá;2020;12;774268;CAPS II;1;0,12915424633331093
16;AP;Amapá;2020;12;774268;CAPS INFANTO/JUVENIL;1;0,12915424633331093
16;AP;Amapá;2021;12;774268;CAPS ALCOOL E DROGA;2;0,25830849266662187
16;AP;Amapá;2021;12;774268;CAPS I;5;0,32288561583327735
16;AP;Amapá;2021;12;774268;CAPS III;1;0,19373136949996642
16;AP;Amapá;2021;12;774268;CAPS INFANTO/JUVENIL;3;0,38746273899993283
16;AP;Amapá;2022;12;774268;CAPS ALCOOL E DROGA;2;0,25830849266662187
16;AP;Amapá;2022;12;774268;CAPS I;4;0,25830849266662187
16;AP;Amapá;2022;12;774268;CAPS III;1;0,19373136949996642
16;AP;Amapá;2022;12;774268;CAPS INFANTO/JUVENIL;3;0,38746273899993283
17;TO;Tocantins;2018;12;1584306;CAPS ALCOOL E DROGA;2;0,12623823933002842
17;TO;Tocantins;2018;12;1584306;CAPS ALCOOL E DROGAS III - MUNICIPAL;1;0,06311911966501421
17;TO;Tocantins;2018;12;1584306;CAPS ALCOOL E DROGAS III - REGIONAL;2;0,12623823933002842
17;TO;Tocantins;2018;12;1584306;CAPS I;9;0,2840360384925639
17;TO;Tocantins;2018;12;1584306;CAPS II;7;0,4418338376550995
17;TO;Tocantins;2019;12;1584306;CAPS ALCOOL E DROGA;2;0,12623823933002842
17;TO;Tocantins;2019;12;1584306;CAPS ALCOOL E DROGAS III - MUNICIPAL;1;0,06311911966501421
17;TO;Tocantins;2019;12;1584306;CAPS ALCOOL E DROGAS III - REGIONAL;2;0,12623823933002842
17;TO;Tocantins;2019;12;1584306;CAPS I;9;0,2840360384925639
17;TO;Tocantins;2019;12;1584306;CAPS II;7;0,4418338376550995
17;TO;Tocantins;2020;12;1584306;CAPS ALCOOL E DROGA;3;0,18935735899504264
17;TO;Tocantins;2020;12;1584306;CAPS ALCOOL E DROGAS III - MUNICIPAL;1;0,06311911966501421
17;TO;Tocantins;2020;12;1584306;CAPS ALCOOL E DROGAS III - REGIONAL;2;0,12623823933002842
17;TO;Tocantins;2020;12;1584306;CAPS I;9;0,2840360384925639
17;TO;Tocantins;2020;12;1584306;CAPS II;7;0,4418338376550995
17;TO;Tocantins;2021;12;1584306;CAPS ALCOOL E DROGA;3;0,18935735899504264
17;TO;Tocantins;2021;12;1584306;CAPS ALCOOL E DROGAS III - MUNICIPAL;1;0,06311911966501421
17;TO;Tocantins;2021;12;1584306;CAPS ALCOOL E DROGAS III - REGIONAL;2;0,12623823933002842
17;TO;Tocantins;2021;12;1584306;CAPS I;8;0,25247647866005685
17;TO;Tocantins;2021;12;1584306;CAPS II;7;0,4418338376550995
17;TO;Tocantins;2022;12;1584306;CAPS ALCOOL E DROGA;3;0,18935735899504264
17;TO;Tocantins;2022;12;1584306;CAPS ALCOOL E DROGAS III - MUNICIPAL;1;0,06311911966501421
17;TO;Tocantins;2022;12;1584306;CAPS ALCOOL E DROGAS III - REGIONAL;2;0,12623823933002842
17;TO;Tocantins;2022;12;1584306;CAPS I;10;0,31559559832507106
17;TO;Tocantins;2022;12;1584306;CAPS II;6;0,37871471799008527
21;MA;Maranhão;2018;12;6800605;CAPS ALCOOL E DROGA;6;0,08822744447001407
21;MA;Maranhão;2018;12;6800605;CAPS ALCOOL E DROGAS III - MUNICIPAL;1;0,014704574078335678
21;MA;Maranhão;2018;12;6800605;CAPS ALCOOL E DROGAS III - REGIONAL;1;0,014704574078335678
21;MA;Maranhão;2018;12;6800605;CAPS I;68;0,49995551866341303
21;MA;Maranhão;2018;12;6800605;CAPS II;17;0,24997775933170652
21;MA;Maranhão;2018;12;6800605;CAPS III;3;0,06617058335251055
21;MA;Maranhão;2018;12;6800605;CAPS INFANTO/JUVENIL;3;0,044113722235007036
21;MA;Maranhão;2018;12;6800605;Não informado;1;0,0
21;MA;Maranhão;2019;12;6800605;CAPS ALCOOL E DROGA;8;0,11763659262668542
21;MA;Maranhão;2019;12;6800605;CAPS ALCOOL E DROGAS III - MUNICIPAL;1;0,014704574078335678
21;MA;Maranhão;2019;12;6800605;CAPS I;67;0,4926032316242452
21;MA;Maranhão;2019;12;6800605;CAPS II;17;0,24997775933170652
21;MA;Maranhão;2019;12;6800605;CAPS III;4;0,08822744447001407
21;MA;Maranhão;2019;12;6800605;CAPS INFANTO/JUVENIL;4;0,05881829631334271
21;MA;Maranhão;2020;12;6800605;CAPS ALCOOL E DROGA;8;0,11763659262668542
21;MA;Maranhão;2020;12;6800605;CAPS ALCOOL E DROGAS III - MUNICIPAL;1;0,014704574078335678
21;MA;Maranhão;2020;12;6800605;CAPS I;64;0,4705463705067417
21;MA;Maranhão;2020;12;6800605;CAPS II;17;0,24997775933170652
21;MA;Maranhão;2020;12;6800605;CAPS III;4;0,08822744447001407
21;MA;Maranhão;2020;12;6800605;CAPS INFANTO/JUVENIL;5;0,07352287039167839
21;MA;Maranhão;2020;12;6800605;Não informado;2;0,0
21;MA;Maranhão;2021;12;6800605;CAPS ALCOOL E DROGA;8;0,11763659262668542
21;MA;Maranhão;2021;12;6800605;CAPS ALCOOL E DROGAS III - MUNICIPAL;1;0,014704574078335678
21;MA;Maranhão;2021;12;6800605;CAPS ALCOOL E DROGAS III - REGIONAL;1;0,014704574078335678
21;MA;Maranhão;2021;12;6800605;CAPS I;68;0,49995551866341303
21;MA;Maranhão;2021;12;6800605;CAPS II;16;0,23527318525337085
21;MA;Maranhão;2021;12;6800605;CAPS III;4;0,08822744447001407
21;MA;Maranhão;2021;12;6800605;CAPS INFANTO/JUVENIL;5;0,07352287039167839
21;MA;Maranhão;2021;12;6800605;Não informado;3;0,0
21;MA;Maranhão;2022;12;6800605;CAPS ALCOOL E DROGA;8;0,11763659262668542
21;MA;Maranhão;2022;12;6800605;CAPS ALCOOL E DROGAS III - MUNICIPAL;1;0,014704574078335678
21;MA;Maranhão;2022;12;6800605;CAPS ALCOOL E DROGAS III - REGIONAL;1;0,014704574078335678
21;MA;Maranhão;2022;12;6800605;CAPS I;70;0,5146600927417487
21;MA;Maranhão;2022;12;6800605;CAPS II;17;0,24997775933170652
21;MA;Maranhão;2022;12;6800605;CAPS III;4;0,08822744447001407
21;MA;Maranhão;2022;12;6800605;CAPS INFANTO/JUVENIL;5;0,07352287039167839
22;PI;Piauí;2018;12;3270174;CAPS ALCOOL E DROGA;6;0,1834764755636856
22;PI;Piauí;2018;12;3270174;CAPS ALCOOL E DROGAS III - MUNICIPAL;1;0,0305794125939476
22;PI;Piauí;2018;12;3270174;CAPS I;45;0,688036783363821
22;PI;Piauí;2018;12;3270174;CAPS II;10;0,305794125939476
22;PI;Piauí;2018;12;3270174;CAPS III;1;0,0458691188909214
22;PI;Piauí;2018;12;3270174;CAPS INFANTO/JUVENIL;2;0,0611588251878952
22;PI;Piauí;2019;12;3270174;CAPS ALCOOL E DROGA;6;0,1834764755636856
22;PI;Piauí;2019;12;3270174;CAPS ALCOOL E DROGAS III - MUNICIPAL;1;0,0305794125939476
22;PI;Piauí;2019;12;3270174;CAPS I;45;0,688036783363821
22;PI;Piauí;2019;12;3270174;CAPS II;10;0,305794125939476
22;PI;Piauí;2019;12;3270174;CAPS III;1;0,0458691188909214
22;PI;Piauí;2019;12;3270174;CAPS INFANTO/JUVENIL;2;0,0611588251878952
22;PI;Piauí;2020;12;3270174;CAPS ALCOOL E DROGA;7;0,2140558881576332
22;PI;Piauí;2020;12;3270174;CAPS ALCOOL E DROGAS III - MUNICIPAL;1;0,0305794125939476
22;PI;Piauí;2020;12;3270174;CAPS I;45;0,688036783363821
22;PI;Piauí;2020;12;3270174;CAPS II;10;0,305794125939476
22;PI;Piauí;2020;12;3270174;CAPS III;1;0,0458691188909214
22;PI;Piauí;2020;12;3270174;CAPS INFANTO/JUVENIL;2;0,0611588251878952
22;PI;Piauí;2021;12;3270174;CAPS ALCOOL E DROGA;7;0,2140558881576332
22;PI;Piauí;2021;12;3270174;CAPS ALCOOL E DROGAS III - MUNICIPAL;1;0,0305794125939476
22;PI;Piauí;2021;12;3270174;CAPS I;43;0,6574573707698734
22;PI;Piauí;2021;12;3270174;CAPS II;11;0,3363735385334236
22;PI;Piauí;2021;12;3270174;CAPS III;1;0,0458691188909214
22;PI;Piauí;2021;12;3270174;CAPS INFANTO/JUVENIL;3;0,0917382377818428
22;PI;Piauí;2022;12;3270174;CAPS ALCOOL E DROGA;7;0,2140558881576332
22;PI;Piauí;2022;12;3270174;CAPS ALCOOL E DROGAS III - MUNICIPAL;1;0,0305794125939476
22;PI;Piauí;2022;12;3270174;CAPS I;44;0,6727470770668472
22;PI;Piauí;2022;12;3270174;CAPS II;11;0,3363735385334236
22;PI;Piauí;2022;12;3270174;CAPS III;1;0,0458691188909214
22;PI;Piauí;2022;12;3270174;CAPS INFANTO/JUVENIL;3;0,0917382377818428
23;CE;Ceará;2018;12;8936431;CAPS ALCOOL E DROGA;27;0,3021340398644604
23;CE;Ceará;2018;12;8936431;CAPS ALCOOL E DROGAS III - MUNICIPAL;3;0,033570448873828936
23;CE;Ceará;2018;12;8936431;CAPS ALCOOL E DROGAS III - REGIONAL;3;0,033570448873828936
23;CE;Ceará;2018;12;8936431;CAPS I;83;0,4643912094213003
23;CE;Ceará;2018;12;8936431;CAPS II;30;0,33570448873828934
23;CE;Ceará;2018;12;8936431;CAPS III;4;0,06714089774765787
23;CE;Ceará;2018;12;8936431;CAPS INFANTO/JUVENIL;12;0,13428179549531574
23;CE;Ceará;2019;12;8936431;CAPS ALCOOL E DROGA;28;0,3133241894890701
23;CE;Ceará;2019;12;8936431;CAPS ALCOOL E DROGAS III - MUNICIPAL;3;0,033570448873828936
23;CE;Ceará;2019;12;8936431;CAPS ALCOOL E DROGAS III - REGIONAL;3;0,033570448873828936
23;CE;Ceará;2019;12;8936431;CAPS I;89;0,49796165829512923
23;CE;Ceará;2019;12;8936431;CAPS II;29;0,3245143391136797
23;CE;Ceará;2019;12;8936431;CAPS III;4;0,06714089774765787
23;CE;Ceará;2019;12;8936431;CAPS INFANTO/JUVENIL;12;0,13428179549531574
23;CE;Ceará;2020;12;8936431;CAPS ALCOOL E DROGA;29;0,3245143391136797
23;CE;Ceará;2020;12;8936431;CAPS ALCOOL E DROGAS III - MUNICIPAL;3;0,033570448873828936
23;CE;Ceará;2020;12;8936431;CAPS ALCOOL E DROGAS III - REGIONAL;2;0,02238029924921929
23;CE;Ceará;2020;12;8936431;CAPS I;92;0,5147468827320437
23;CE;Ceará;2020;12;8936431;CAPS II;30;0,33570448873828934
23;CE;Ceará;2020;12;8936431;CAPS III;4;0,06714089774765787
23;CE;Ceará;2020;12;8936431;CAPS INFANTO/JUVENIL;13;0,1454719451199254
23;CE;Ceará;2021;12;8936431;CAPS ALCOOL E DROGA;28;0,3133241894890701
23;CE;Ceará;2021;12;8936431;CAPS ALCOOL E DROGAS III - MUNICIPAL;3;0,033570448873828936
23;CE;Ceará;2021;12;8936431;CAPS ALCOOL E DROGAS III - REGIONAL;1;0,011190149624609645
23;CE;Ceará;2021;12;8936431;CAPS I;95;0,5315321071689582
23;CE;Ceará;2021;12;8936431;CAPS II;31;0,346894638362899
23;CE;Ceará;2021;12;8936431;CAPS III;4;0,06714089774765787
23;CE;Ceará;2021;12;8936431;CAPS INFANTO/JUVENIL;17;0,19023254361836398
23;CE;Ceará;2021;12;8936431;Não informado;1;0,0
23;CE;Ceará;2022;12;8936431;CAPS ALCOOL E DROGA;30;0,33570448873828934
23;CE;Ceará;2022;12;8936431;CAPS ALCOOL E DROGAS III - MUNICIPAL;2;0,02238029924921929
23;CE;Ceará;2022;12;8936431;CAPS ALCOOL E DROGAS III - REGIONAL;1;0,011190149624609645
23;CE;Ceará;2022;12;8936431;CAPS I;94;0,5259370323566533
23;CE;Ceará;2022;12;8936431;CAPS II;31;0,346894638362899
23;CE;Ceará;2022;12;8936431;CAPS III;4;0,06714089774765787
23;CE;Ceará;2022;12;8936431;CAPS INFANTO/JUVENIL;17;0,19023254361836398
23;CE;Ceará;2022;12;8936431;Não informado;3;0,0
24;RN;Rio Grande do Norte;2018;12;3303953;CAPS ALCOOL E DROGA;10;0,30266774376027744
24;RN;Rio Grande do Norte;2018;12;3303953;CAPS I;22;0,3329345181363052
24;RN;Rio Grande do Norte;2018;12;3303953;CAPS II;13;0,3934680668883607
24;RN;Rio Grande do Norte;2018;12;3303953;CAPS III;1;0,04540016156404162
24;RN;Rio Grande do Norte;2018;12;3303953;CAPS INFANTO/JUVENIL;2;0,060533548752055494
24;RN;Rio Grande do Norte;2019;12;3303953;CAPS ALCOOL E DROGA;10;0,30266774376027744
24;RN;Rio Grande do Norte;2019;12;3303953;CAPS I;23;0,3480679053243191
24;RN;Rio Grande do Norte;2019;12;3303953;CAPS II;12;0,36320129251233296
24;RN;Rio Grande do Norte;2019;12;3303953;CAPS III;1;0,04540016156404162
24;RN;Rio Grande do Norte;2019;12;3303953;CAPS INFANTO/JUVENIL;2;0,060533548752055494
24;RN;Rio Grande do Norte;2020;12;3303953;CAPS ALCOOL E DROGA;10;0,30266774376027744
24;RN;Rio Grande do Norte;2020;12;3303953;CAPS I;22;0,3329345181363052
24;RN;Rio Grande do Norte;2020;12;3303953;CAPS II;11;0,3329345181363052
24;RN;Rio Grande do Norte;2020;12;3303953;CAPS III;1;0,04540016156404162
24;RN;Rio Grande do Norte;2020;12;3303953;CAPS INFANTO/JUVENIL;3;0,09080032312808324
24;RN;Rio Grande do Norte;2021;12;3303953;CAPS ALCOOL E DROGA;10;0,30266774376027744
24;RN;Rio Grande do Norte;2021;12;3303953;CAPS I;24;0,36320129251233296
24;RN;Rio Grande do Norte;2021;12;3303953;CAPS II;11;0,3329345181363052
24;RN;Rio Grande do Norte;2021;12;3303953;CAPS III;1;0,04540016156404162
24;RN;Rio Grande do Norte;2021;12;3303953;CAPS INFANTO/JUVENIL;3;0,09080032312808324
24;RN;Rio Grande do Norte;2022;12;3303953;CAPS ALCOOL E DROGA;11;0,3329345181363052
24;RN;Rio Grande do Norte;2022;12;3303953;CAPS I;23;0,3480679053243191
24;RN;Rio Grande do Norte;2022;12;3303953;CAPS II;11;0,3329345181363052
24;RN;Rio Grande do Norte;2022;12;3303953;CAPS III;1;0,04540016156404162
24;RN;Rio Grande do Norte;2022;12;3303953;CAPS INFANTO/JUVENIL;3;0,09080032312808324
25;PB;Paraíba;2018;12;4030961;CAPS ALCOOL E DROGA;10;0,24807980032553031
25;PB;Paraíba;2018;12;4030961;CAPS ALCOOL E DROGAS III - MUNICIPAL;3;0,0744239400976591
25;PB;Paraíba;2018;12;4030961;CAPS ALCOOL E DROGAS III - REGIONAL;4;0,09923192013021212
25;PB;Paraíba;2018;12;4030961;CAPS I;76;0,9427032412370152
25;PB;Paraíba;2018;12;4030961;CAPS II;10;0,24807980032553031
25;PB;Paraíba;2018;12;4030961;CAPS III;2;0,0744239400976591
25;PB;Paraíba;2018;12;4030961;CAPS INFANTO/JUVENIL;13;0,3225037404231894
25;PB;Paraíba;2018;12;4030961;Não informado;1;0,0
25;PB;Paraíba;2019;12;4030961;CAPS ALCOOL E DROGA;10;0,24807980032553031
25;PB;Paraíba;2019;12;4030961;CAPS ALCOOL E DROGAS III - MUNICIPAL;3;0,0744239400976591
25;PB;Paraíba;2019;12;4030961;CAPS ALCOOL E DROGAS III - REGIONAL;5;0,12403990016276516
25;PB;Paraíba;2019;12;4030961;CAPS I;74;0,9178952612044622
25;PB;Paraíba;2019;12;4030961;CAPS II;9;0,2232718202929773
25;PB;Paraíba;2019;12;4030961;CAPS III;3;0,11163591014648865
25;PB;Paraíba;2019;12;4030961;CAPS INFANTO/JUVENIL;13;0,3225037404231894
25;PB;Paraíba;2019;12;4030961;Não informado;1;0,0
25;PB;Paraíba;2020;12;4030961;CAPS ALCOOL E DROGA;10;0,24807980032553031
25;PB;Paraíba;2020;12;4030961;CAPS ALCOOL E DROGAS III - MUNICIPAL;3;0,0744239400976591
25;PB;Paraíba;2020;12;4030961;CAPS ALCOOL E DROGAS III - REGIONAL;5;0,12403990016276516
25;PB;Paraíba;2020;12;4030961;CAPS I;79;0,9799152112858447
25;PB;Paraíba;2020;12;4030961;CAPS II;10;0,24807980032553031
25;PB;Paraíba;2020;12;4030961;CAPS III;3;0,11163591014648865
25;PB;Paraíba;2020;12;4030961;CAPS INFANTO/JUVENIL;13;0,3225037404231894
25;PB;Paraíba;2021;12;4030961;CAPS ALCOOL E DROGA;10;0,24807980032553031
25;PB;Paraíba;2021;12;4030961;CAPS ALCOOL E DROGAS III - MUNICIPAL;3;0,0744239400976591
25;PB;Paraíba;2021;12;4030961;CAPS ALCOOL E DROGAS III - REGIONAL;6;0,1488478801953182
25;PB;Paraíba;2021;12;4030961;CAPS I;81;1,0047231913183978
25;PB;Paraíba;2021;12;4030961;CAPS II;10;0,24807980032553031
25;PB;Paraíba;2021;12;4030961;CAPS III;3;0,11163591014648865
25;PB;Paraíba;2021;12;4030961;CAPS INFANTO/JUVENIL;14;0,34731172045574243
25;PB;Paraíba;2022;12;4030961;CAPS ALCOOL E DROGA;10;0,24807980032553031
25;PB;Paraíba;2022;12;4030961;CAPS ALCOOL E DROGAS III - MUNICIPAL;3;0,0744239400976591
25;PB;Paraíba;2022;12;4030961;CAPS ALCOOL E DROGAS III - REGIONAL;6;0,1488478801953182
25;PB;Paraíba;2022;12;4030961;CAPS I;80;0,9923192013021213
25;PB;Paraíba;2022;12;4030961;CAPS II;9;0,2232718202929773
25;PB;Paraíba;2022;12;4030961;CAPS III;3;0,11163591014648865
25;PB;Paraíba;2022;12;4030961;CAPS INFANTO/JUVENIL;14;0,34731172045574243
26;PE;Pernambuco;2018;12;9051113;CAPS ALCOOL E DROGA;13;0,1436287448847451
26;PE;Pernambuco;2018;12;9051113;CAPS ALCOOL E DROGAS III - MUNICIPAL;1;0,011048364991134239
26;PE;Pernambuco;2018;12;9051113;CAPS ALCOOL E DROGAS III - REGIONAL;2;0,022096729982268477
26;PE;Pernambuco;2018;12;9051113;CAPS I;82;0,45298296463650384
26;PE;Pernambuco;2018;12;9051113;CAPS II;25;0,27620912477835596
26;PE;Pernambuco;2018;12;9051113;CAPS III;8;0,13258037989361088
26;PE;Pernambuco;2018;12;9051113;CAPS INFANTO/JUVENIL;14;0,15467710987587935
26;PE;Pernambuco;2018;12;9051113;Não informado;4;0,0
26;PE;Pernambuco;2019;12;9051113;CAPS ALCOOL E DROGA;13;0,1436287448847451
26;PE;Pernambuco;2019;12;9051113;CAPS ALCOOL E DROGAS III - MUNICIPAL;1;0,011048364991134239
26;PE;Pernambuco;2019;12;9051113;CAPS ALCOOL E DROGAS III - REGIONAL;1;0,011048364991134239
26;PE;Pernambuco;2019;12;9051113;CAPS I;81;0,4474587821409367
26;PE;Pernambuco;2019;12;9051113;CAPS II;27;0,2983058547606245
26;PE;Pernambuco;2019;12;9051113;CAPS III;7;0,11600783240690951
26;PE;Pernambuco;2019;12;9051113;CAPS INFANTO/JUVENIL;15;0,16572547486701358
26;PE;Pernambuco;2020;12;9051113;CAPS ALCOOL E DROGA;13;0,1436287448847451
26;PE;Pernambuco;2020;12;9051113;CAPS ALCOOL E DROGAS III - MUNICIPAL;1;0,011048364991134239
26;PE;Pernambuco;2020;12;9051113;CAPS ALCOOL E DROGAS III - REGIONAL;1;0,011048364991134239
26;PE;Pernambuco;2020;12;9051113;CAPS I;82;0,45298296463650384
26;PE;Pernambuco;2020;12;9051113;CAPS II;28;0,3093542197517587
26;PE;Pernambuco;2020;12;9051113;CAPS III;6;0,09943528492020816
26;PE;Pernambuco;2020;12;9051113;CAPS INFANTO/JUVENIL;14;0,15467710987587935
26;PE;Pernambuco;2020;12;9051113;Não informado;3;0,0
26;PE;Pernambuco;2021;12;9051113;CAPS ALCOOL E DROGA;12;0,13258037989361088
26;PE;Pernambuco;2021;12;9051113;CAPS ALCOOL E DROGAS III - MUNICIPAL;2;0,022096729982268477
26;PE;Pernambuco;2021;12;9051113;CAPS ALCOOL E DROGAS III - REGIONAL;1;0,011048364991134239
26;PE;Pernambuco;2021;12;9051113;CAPS I;86;0,4750796946187723
26;PE;Pernambuco;2021;12;9051113;CAPS II;27;0,2983058547606245
26;PE;Pernambuco;2021;12;9051113;CAPS III;7;0,11600783240690951
26;PE;Pernambuco;2021;12;9051113;CAPS INFANTO/JUVENIL;15;0,16572547486701358
26;PE;Pernambuco;2021;12;9051113;Não informado;3;0,0
26;PE;Pernambuco;2022;12;9051113;CAPS ALCOOL E DROGA;13;0,1436287448847451
26;PE;Pernambuco;2022;12;9051113;CAPS ALCOOL E DROGAS III - MUNICIPAL;2;0,022096729982268477
26;PE;Pernambuco;2022;12;9051113;CAPS ALCOOL E DROGAS III - REGIONAL;1;0,011048364991134239
26;PE;Pernambuco;2022;12;9051113;CAPS I;86;0,4750796946187723
26;PE;Pernambuco;2022;12;9051113;CAPS II;29;0,32040258474289296
26;PE;Pernambuco;2022;12;9051113;CAPS III;7;0,11600783240690951
26;PE;Pernambuco;2022;12;9051113;CAPS INFANTO/JUVENIL;16;0,17677383985814782
26;PE;Pernambuco;2022;12;9051113;Não informado;1;0,0
27;AL;Alagoas;2018;12;3125254;CAPS ALCOOL E DROGA;6;0,19198439550833307
27;AL;Alagoas;2018;12;3125254;CAPS I;54;0,8639297797874989
27;AL;Alagoas;2018;12;3125254;CAPS II;7;0,22398179475972194
27;AL;Alagoas;2018;12;3125254;CAPS III;1;0,04799609887708327
27;AL;Alagoas;2018;12;3125254;Não informado;1;0,0
27;AL;Alagoas;2019;12;3125254;CAPS ALCOOL E DROGA;4;0,1279895970055554
27;AL;Alagoas;2019;12;3125254;CAPS I;56;0,8959271790388877
27;AL;Alagoas;2019;12;3125254;CAPS II;8;0,2559791940111108
27;AL;Alagoas;2019;12;3125254;CAPS III;1;0,04799609887708327
27;AL;Alagoas;2020;12;3125254;CAPS ALCOOL E DROGA;4;0,1279895970055554
27;AL;Alagoas;2020;12;3125254;CAPS I;56;0,8959271790388877
27;AL;Alagoas;2020;12;3125254;CAPS II;8;0,2559791940111108
27;AL;Alagoas;2020;12;3125254;CAPS III;1;0,04799609887708327
27;AL;Alagoas;2021;12;3125254;CAPS ALCOOL E DROGA;4;0,1279895970055554
27;AL;Alagoas;2021;12;3125254;CAPS ALCOOL E DROGAS III - REGIONAL;1;0,03199739925138885
27;AL;Alagoas;2021;12;3125254;CAPS I;55;0,8799284794131933
27;AL;Alagoas;2021;12;3125254;CAPS II;8;0,2559791940111108
27;AL;Alagoas;2021;12;3125254;CAPS III;1;0,04799609887708327
27;AL;Alagoas;2021;12;3125254;Não informado;1;0,0
27;AL;Alagoas;2022;12;3125254;CAPS ALCOOL E DROGA;4;0,1279895970055554
27;AL;Alagoas;2022;12;3125254;CAPS ALCOOL E DROGAS III - REGIONAL;1;0,03199739925138885
27;AL;Alagoas;2022;12;3125254;CAPS I;55;0,8799284794131933
27;AL;Alagoas;2022;12;3125254;CAPS II;8;0,2559791940111108
27;AL;Alagoas;2022;12;3125254;CAPS III;1;0,04799609887708327
28;SE;Sergipe;2018;12;2211868;CAPS ALCOOL E DROGA;3;0,13563196357106302
28;SE;Sergipe;2018;12;2211868;CAPS ALCOOL E DROGAS III - MUNICIPAL;1;0,04521065452368767
28;SE;Sergipe;2018;12;2211868;CAPS I;28;0,6329491633316274
28;SE;Sergipe;2018;12;2211868;CAPS II;4;0,1808426180947507
28;SE;Sergipe;2018;12;2211868;CAPS III;4;0,27126392714212605
28;SE;Sergipe;2018;12;2211868;CAPS INFANTO/JUVENIL;2;0,09042130904737535
28;SE;Sergipe;2018;12;2211868;Não informado;2;0,0
28;SE;Sergipe;2019;12;2211868;CAPS ALCOOL E DROGA;3;0,13563196357106302
28;SE;Sergipe;2019;12;2211868;CAPS ALCOOL E DROGAS III - MUNICIPAL;1;0,04521065452368767
28;SE;Sergipe;2019;12;2211868;CAPS I;30;0,6781598178553151
28;SE;Sergipe;2019;12;2211868;CAPS II;4;0,1808426180947507
28;SE;Sergipe;2019;12;2211868;CAPS III;4;0,27126392714212605
28;SE;Sergipe;2019;12;2211868;CAPS INFANTO/JUVENIL;2;0,09042130904737535
28;SE;Sergipe;2020;12;2211868;CAPS ALCOOL E DROGA;3;0,13563196357106302
28;SE;Sergipe;2020;12;2211868;CAPS ALCOOL E DROGAS III - MUNICIPAL;1;0,04521065452368767
28;SE;Sergipe;2020;12;2211868;CAPS I;30;0,6781598178553151
28;SE;Sergipe;2020;12;2211868;CAPS II;4;0,1808426180947507
28;SE;Sergipe;2020;12;2211868;CAPS III;4;0,27126392714212605
28;SE;Sergipe;2020;12;2211868;CAPS INFANTO/JUVENIL;2;0,09042130904737535
28;SE;Sergipe;2021;12;2211868;CAPS ALCOOL E DROGA;3;0,13563196357106302
28;SE;Sergipe;2021;12;2211868;CAPS ALCOOL E DROGAS III - MUNICIPAL;1;0,04521065452368767
28;SE;Sergipe;2021;12;2211868;CAPS I;30;0,6781598178553151
28;SE;Sergipe;2021;12;2211868;CAPS II;4;0,1808426180947507
28;SE;Sergipe;2021;12;2211868;CAPS III;4;0,27126392714212605
28;SE;Sergipe;2021;12;2211868;CAPS INFANTO/JUVENIL;2;0,09042130904737535
28;SE;Sergipe;2022;12;2211868;CAPS ALCOOL E DROGA;3;0,13563196357106302
28;SE;Sergipe;2022;12;2211868;CAPS ALCOOL E DROGAS III - MUNICIPAL;1;0,04521065452368767
28;SE;Sergipe;2022;12;2211868;CAPS I;30;0,6781598178553151
28;SE;Sergipe;2022;12;2211868;CAPS II;4;0,1808426180947507
28;SE;Sergipe;2022;12;2211868;CAPS III;4;0,27126392714212605
28;SE;Sergipe;2022;12;2211868;CAPS INFANTO/JUVENIL;2;0,09042130904737535
29;BA;Bahia;2018;12;14659023;CAPS ALCOOL E DROGA;25;0,17054342571124964
29;BA;Bahia;2018;12;14659023;CAPS ALCOOL E DROGAS III - REGIONAL;2;0,013643474056899972
29;BA;Bahia;2018;12;14659023;CAPS I;196;0,6685302287880986
29;BA;Bahia;2018;12;14659023;CAPS II;39;0,26604774410954946
29;BA;Bahia;2018;12;14659023;CAPS III;3;0,030697816628024937
29;BA;Bahia;2018;12;14659023;CAPS INFANTO/JUVENIL;11;0,07503910731294984
29;BA;Bahia;2018;12;14659023;Não informado;2;0,0
29;BA;Bahia;2019;12;14659023;CAPS ALCOOL E DROGA;26;0,17736516273969963
29;BA;Bahia;2019;12;14659023;CAPS ALCOOL E DROGAS III - REGIONAL;1;0,006821737028449986
29;BA;Bahia;2019;12;14659023;CAPS I;199;0,6787628343307737
29;BA;Bahia;2019;12;14659023;CAPS II;39;0,26604774410954946
29;BA;Bahia;2019;12;14659023;CAPS III;3;0,030697816628024937
29;BA;Bahia;2019;12;14659023;CAPS INFANTO/JUVENIL;11;0,07503910731294984
29;BA;Bahia;2019;12;14659023;Não informado;2;0,0
29;BA;Bahia;2020;12;14659023;CAPS ALCOOL E DROGA;27;0,18418689976814961
29;BA;Bahia;2020;12;14659023;CAPS ALCOOL E DROGAS III - REGIONAL;1;0,006821737028449986
29;BA;Bahia;2020;12;14659023;CAPS I;200;0,6821737028449986
29;BA;Bahia;2020;12;14659023;CAPS II;37;0,2524042700526495
29;BA;Bahia;2020;12;14659023;CAPS III;5;0,051163027713374894
29;BA;Bahia;2020;12;14659023;CAPS INFANTO/JUVENIL;12;0,08186084434139983
29;BA;Bahia;2020;12;14659023;Não informado;1;0,0
29;BA;Bahia;2021;12;14659023;CAPS ALCOOL E DROGA;25;0,17054342571124964
29;BA;Bahia;2021;12;14659023;CAPS ALCOOL E DROGAS III - REGIONAL;2;0,013643474056899972
29;BA;Bahia;2021;12;14659023;CAPS I;202;0,6889954398734486
29;BA;Bahia;2021;12;14659023;CAPS II;38;0,2592260070810995
29;BA;Bahia;2021;12;14659023;CAPS III;5;0,051163027713374894
29;BA;Bahia;2021;12;14659023;CAPS INFANTO/JUVENIL;12;0,08186084434139983
29;BA;Bahia;2021;12;14659023;Não informado;6;0,0
29;BA;Bahia;2022;12;14659023;CAPS ALCOOL E DROGA;26;0,17736516273969963
29;BA;Bahia;2022;12;14659023;CAPS ALCOOL E DROGAS III - REGIONAL;2;0,013643474056899972
29;BA;Bahia;2022;12;14659023;CAPS I;205;0,6992280454161236
29;BA;Bahia;2022;12;14659023;CAPS II;38;0,2592260070810995
29;BA;Bahia;2022;12;14659023;CAPS III;5;0,051163027713374894
29;BA;Bahia;2022;12;14659023;CAPS INFANTO/JUVENIL;12;0,08186084434139983
29;BA;Bahia;2022;12;14659023;Não informado;3;0,0
31;MG;Minas Gerais;2018;12;20732660;CAPS ALCOOL E DROGA;47;0,2266954650295717
31;MG;Minas Gerais;2018;12;20732660;CAPS ALCOOL E DROGAS III - MUNICIPAL;11;0,05305638543245295
31;MG;Minas Gerais;2018;12;20732660;CAPS ALCOOL E DROGAS III - REGIONAL;3;0,014469923299759897
31;MG;Minas Gerais;2018;12;20732660;CAPS I;174;0,419627775693037
31;MG;Minas Gerais;2018;12;20732660;CAPS II;69;0,3328082358944776
31;MG;Minas Gerais;2018;12;20732660;CAPS III;19;0,13746427134771902
31;MG;Minas Gerais;2018;12;20732660;CAPS INFANTO/JUVENIL;41;0,1977556184300519
31;MG;Minas Gerais;2018;12;20732660;Não informado;5;0,0
31;MG;Minas Gerais;2019;12;20732660;CAPS ALCOOL E DROGA;47;0,2266954650295717
31;MG;Minas Gerais;2019;12;20732660;CAPS ALCOOL E DROGAS III - MUNICIPAL;11;0,05305638543245295
31;MG;Minas Gerais;2019;12;20732660;CAPS ALCOOL E DROGAS III - REGIONAL;3;0,014469923299759897
31;MG;Minas Gerais;2019;12;20732660;CAPS I;183;0,44133266064267684
31;MG;Minas Gerais;2019;12;20732660;CAPS II;72;0,3472781591942375
31;MG;Minas Gerais;2019;12;20732660;CAPS III;20;0,14469923299759896
31;MG;Minas Gerais;2019;12;20732660;CAPS INFANTO/JUVENIL;40;0,19293231066346528
31;MG;Minas Gerais;2020;12;20732660;CAPS AD IV;1;0,02411653883293316
31;MG;Minas Gerais;2020;12;20732660;CAPS ALCOOL E DROGA;47;0,2266954650295717
31;MG;Minas Gerais;2020;12;20732660;CAPS ALCOOL E DROGAS III - MUNICIPAL;12;0,057879693199039586
31;MG;Minas Gerais;2020;12;20732660;CAPS ALCOOL E DROGAS III - REGIONAL;3;0,014469923299759897
31;MG;Minas Gerais;2020;12;20732660;CAPS I;188;0,4533909300591434
31;MG;Minas Gerais;2020;12;20732660;CAPS II;74;0,35692477472741074
31;MG;Minas Gerais;2020;12;20732660;CAPS III;20;0,14469923299759896
31;MG;Minas Gerais;2020;12;20732660;CAPS INFANTO/JUVENIL;45;0,21704884949639844
31;MG;Minas Gerais;2020;12;20732660;Não informado;3;0,0
31;MG;Minas Gerais;2021;12;20732660;CAPS AD IV;1;0,02411653883293316
31;MG;Minas Gerais;2021;12;20732660;CAPS ALCOOL E DROGA;49;0,23634208056274497
31;MG;Minas Gerais;2021;12;20732660;CAPS ALCOOL E DROGAS III - MUNICIPAL;13;0,06270300096562621
31;MG;Minas Gerais;2021;12;20732660;CAPS ALCOOL E DROGAS III - REGIONAL;3;0,014469923299759897
31;MG;Minas Gerais;2021;12;20732660;CAPS I;197;0,47509581500878323
31;MG;Minas Gerais;2021;12;20732660;CAPS II;73;0,3521014669608241
31;MG;Minas Gerais;2021;12;20732660;CAPS III;21;0,1519341946474789
31;MG;Minas Gerais;2021;12;20732660;CAPS INFANTO/JUVENIL;47;0,2266954650295717
31;MG;Minas Gerais;2021;12;20732660;Não informado;3;0,0
31;MG;Minas Gerais;2022;12;20732660;CAPS AD IV;1;0,02411653883293316
31;MG;Minas Gerais;2022;12;20732660;CAPS ALCOOL E DROGA;49;0,23634208056274497
31;MG;Minas Gerais;2022;12;20732660;CAPS ALCOOL E DROGAS III - MUNICIPAL;13;0,06270300096562621
31;MG;Minas Gerais;2022;12;20732660;CAPS ALCOOL E DROGAS III - REGIONAL;3;0,014469923299759897
31;MG;Minas Gerais;2022;12;20732660;CAPS I;201;0,4847424305419565
31;MG;Minas Gerais;2022;12;20732660;CAPS II;74;0,35692477472741074
31;MG;Minas Gerais;2022;12;20732660;CAPS III;22;0,15916915629735887
31;MG;Minas Gerais;2022;12;20732660;CAPS INFANTO/JUVENIL;47;0,2266954650295717
31;MG;Minas Gerais;2022;12;20732660;Não informado;1;0,0
32;ES;Espírito Santo;2018;12;3975100;CAPS ALCOOL E DROGA;6;0,15093959900379864
32;ES;Espírito Santo;2018;12;3975100;CAPS ALCOOL E DROGAS III - MUNICIPAL;1;0,025156599833966443
32;ES;Espírito Santo;2018;12;3975100;CAPS I;13;0,16351789892078186
32;ES;Espírito Santo;2018;12;3975100;CAPS II;10;0,2515659983396644
32;ES;Espírito Santo;2018;12;3975100;CAPS III;1;0,03773489975094966
32;ES;Espírito Santo;2018;12;3975100;CAPS INFANTO/JUVENIL;3;0,07546979950189932
32;ES;Espírito Santo;2019;12;3975100;CAPS ALCOOL E DROGA;6;0,15093959900379864
32;ES;Espírito Santo;2019;12;3975100;CAPS ALCOOL E DROGAS III - MUNICIPAL;1;0,025156599833966443
32;ES;Espírito Santo;2019;12;3975100;CAPS I;15;0,18867449875474832
32;ES;Espírito Santo;2019;12;3975100;CAPS II;11;0,2767225981736309
32;ES;Espírito Santo;2019;12;3975100;CAPS III;1;0,03773489975094966
32;ES;Espírito Santo;2019;12;3975100;CAPS INFANTO/JUVENIL;3;0,07546979950189932
32;ES;Espírito Santo;2020;12;3975100;CAPS ALCOOL E DROGA;6;0,15093959900379864
32;ES;Espírito Santo;2020;12;3975100;CAPS ALCOOL E DROGAS III - MUNICIPAL;1;0,025156599833966443
32;ES;Espírito Santo;2020;12;3975100;CAPS I;16;0,20125279867173154
32;ES;Espírito Santo;2020;12;3975100;CAPS II;11;0,2767225981736309
32;ES;Espírito Santo;2020;12;3975100;CAPS III;1;0,03773489975094966
32;ES;Espírito Santo;2020;12;3975100;CAPS INFANTO/JUVENIL;3;0,07546979950189932
32;ES;Espírito Santo;2021;12;3975100;CAPS ALCOOL E DROGA;7;0,1760961988377651
32;ES;Espírito Santo;2021;12;3975100;CAPS ALCOOL E DROGAS III - MUNICIPAL;1;0,025156599833966443
32;ES;Espírito Santo;2021;12;3975100;CAPS I;17;0,21383109858871474
32;ES;Espírito Santo;2021;12;3975100;CAPS II;11;0,2767225981736309
32;ES;Espírito Santo;2021;12;3975100;CAPS III;1;0,03773489975094966
32;ES;Espírito Santo;2021;12;3975100;CAPS INFANTO/JUVENIL;3;0,07546979950189932
32;ES;Espírito Santo;2021;12;3975100;Não informado;1;0,0
32;ES;Espírito Santo;2022;12;3975100;CAPS ALCOOL E DROGA;6;0,15093959900379864
32;ES;Espírito Santo;2022;12;3975100;CAPS ALCOOL E DROGAS III - MUNICIPAL;1;0,025156599833966443
32;ES;Espírito Santo;2022;12;3975100;CAPS I;21;0,26414429825664765
32;ES;Espírito Santo;2022;12;3975100;CAPS II;11;0,2767225981736309
32;ES;Espírito Santo;2022;12;3975100;CAPS III;1;0,03773489975094966
32;ES;Espírito Santo;2022;12;3975100;CAPS INFANTO/JUVENIL;3;0,07546979950189932
33;RJ;Rio de Janeiro;2018;12;16615526;CAPS ALCOOL E DROGA;29;0,17453555186877623
33;RJ;Rio de Janeiro;2018;12;16615526;CAPS ALCOOL E DROGAS III - MUNICIPAL;2;0,01203693461163974
33;RJ;Rio de Janeiro;2018;12;16615526;CAPS I;59;0,17754478552168615
33;RJ;Rio de Janeiro;2018;12;16615526;CAPS II;52;0,31296029990263324
33;RJ;Rio de Janeiro;2018;12;16615526;CAPS III;7;0,06319390671110864
33;RJ;Rio de Janeiro;2018;12;16615526;CAPS INFANTO/JUVENIL;34;0,20462788839787557
33;RJ;Rio de Janeiro;2018;12;16615526;Não informado;1;0,0
33;RJ;Rio de Janeiro;2019;12;16615526;CAPS ALCOOL E DROGA;29;0,17453555186877623
33;RJ;Rio de Janeiro;2019;12;16615526;CAPS ALCOOL E DROGAS III - MUNICIPAL;2;0,01203693461163974
33;RJ;Rio de Janeiro;2019;12;16615526;CAPS I;59;0,17754478552168615
33;RJ;Rio de Janeiro;2019;12;16615526;CAPS II;53;0,3189787672084531
33;RJ;Rio de Janeiro;2019;12;16615526;CAPS III;8;0,07222160766983844
33;RJ;Rio de Janeiro;2019;12;16615526;CAPS INFANTO/JUVENIL;36;0,2166648230095153
33;RJ;Rio de Janeiro;2019;12;16615526;Não informado;1;0,0
33;RJ;Rio de Janeiro;2020;12;16615526;CAPS AD IV;1;0,03009233652909935
33;RJ;Rio de Janeiro;2020;12;16615526;CAPS ALCOOL E DROGA;28;0,16851708456295636
33;RJ;Rio de Janeiro;2020;12;16615526;CAPS ALCOOL E DROGAS III - MUNICIPAL;2;0,01203693461163974
33;RJ;Rio de Janeiro;2020;12;16615526;CAPS I;60;0,1805540191745961
33;RJ;Rio de Janeiro;2020;12;16615526;CAPS II;50;0,3009233652909935
33;RJ;Rio de Janeiro;2020;12;16615526;CAPS III;12;0,10833241150475766
33;RJ;Rio de Janeiro;2020;12;16615526;CAPS INFANTO/JUVENIL;35;0,21064635570369544
33;RJ;Rio de Janeiro;2020;12;16615526;Não informado;1;0,0
33;RJ;Rio de Janeiro;2021;12;16615526;CAPS AD IV;1;0,03009233652909935
33;RJ;Rio de Janeiro;2021;12;16615526;CAPS ALCOOL E DROGA;29;0,17453555186877623
33;RJ;Rio de Janeiro;2021;12;16615526;CAPS ALCOOL E DROGAS III - MUNICIPAL;3;0,01805540191745961
33;RJ;Rio de Janeiro;2021;12;16615526;CAPS I;57;0,17152631821586628
33;RJ;Rio de Janeiro;2021;12;16615526;CAPS II;50;0,3009233652909935
33;RJ;Rio de Janeiro;2021;12;16615526;CAPS III;14;0,12638781342221728
33;RJ;Rio de Janeiro;2021;12;16615526;CAPS INFANTO/JUVENIL;37;0,22268329031533518
33;RJ;Rio de Janeiro;2022;12;16615526;CAPS ALCOOL E DROGA;30;0,1805540191745961
33;RJ;Rio de Janeiro;2022;12;16615526;CAPS ALCOOL E DROGAS III - MUNICIPAL;3;0,01805540191745961
33;RJ;Rio de Janeiro;2022;12;16615526;CAPS I;58;0,17453555186877623
33;RJ;Rio de Janeiro;2022;12;16615526;CAPS II;48;0,28888643067935377
33;RJ;Rio de Janeiro;2022;12;16615526;CAPS III;15;0,13541551438094707
33;RJ;Rio de Janeiro;2022;12;16615526;CAPS INFANTO/JUVENIL;37;0,22268329031533518
35;SP;São Paulo;2018;12;46024937;CAPS ALCOOL E DROGA;92;0,19989163700539123
35;SP;São Paulo;2018;12;46024937;CAPS ALCOOL E DROGAS III - MUNICIPAL;11;0,0239000870332533
35;SP;São Paulo;2018;12;46024937;CAPS I;151;0,16404150645551127
35;SP;São Paulo;2018;12;46024937;CAPS II;120;0,2607282221809451
35;SP;São Paulo;2018;12;46024937;CAPS III;55;0,17925065274939975
35;SP;São Paulo;2018;12;46024937;CAPS INFANTO/JUVENIL;92;0,19989163700539123
35;SP;São Paulo;2018;12;46024937;Não informado;8;0,0
35;SP;São Paulo;2019;12;46024937;CAPS AD IV;1;0,010863675924206045
35;SP;São Paulo;2019;12;46024937;CAPS ALCOOL E DROGA;96;0,20858257774475605
35;SP;São Paulo;2019;12;46024937;CAPS ALCOOL E DROGAS III - MUNICIPAL;12;0,026072822218094507
35;SP;São Paulo;2019;12;46024937;CAPS I;162;0,17599154997213792
35;SP;São Paulo;2019;12;46024937;CAPS II;118;0,2563827518112627
35;SP;São Paulo;2019;12;46024937;CAPS III;59;0,192287063858447
35;SP;São Paulo;2019;12;46024937;CAPS INFANTO/JUVENIL;95;0,20640984255991485
35;SP;São Paulo;2019;12;46024937;Não informado;2;0,0
35;SP;São Paulo;2020;12;46024937;CAPS AD IV;2;0,02172735184841209
35;SP;São Paulo;2020;12;46024937;CAPS ALCOOL E DROGA;99;0,2151007832992797
35;SP;São Paulo;2020;12;46024937;CAPS ALCOOL E DROGAS III - MUNICIPAL;14;0,030418292587776927
35;SP;São Paulo;2020;12;46024937;CAPS I;166;0,18033702034182034
35;SP;São Paulo;2020;12;46024937;CAPS II;115;0,24986454625673904
35;SP;São Paulo;2020;12;46024937;CAPS III;63;0,20532347496749426
35;SP;São Paulo;2020;12;46024937;CAPS INFANTO/JUVENIL;98;0,2129280481144385
35;SP;São Paulo;2020;12;46024937;Não informado;7;0,0
35;SP;São Paulo;2021;12;46024937;CAPS AD IV;2;0,02172735184841209
35;SP;São Paulo;2021;12;46024937;CAPS ALCOOL E DROGA;95;0,20640984255991485
35;SP;São Paulo;2021;12;46024937;CAPS ALCOOL E DROGAS III - MUNICIPAL;15;0,03259102777261814
35;SP;São Paulo;2021;12;46024937;CAPS I;173;0,18794159348876457
35;SP;São Paulo;2021;12;46024937;CAPS II;112;0,24334634070221542
35;SP;São Paulo;2021;12;46024937;CAPS III;59;0,192287063858447
35;SP;São Paulo;2021;12;46024937;CAPS INFANTO/JUVENIL;104;0,22596445922348574
35;SP;São Paulo;2021;12;46024937;Não informado;19;0,0
35;SP;São Paulo;2022;12;46024937;CAPS AD IV;3;0,03259102777261814
35;SP;São Paulo;2022;12;46024937;CAPS ALCOOL E DROGA;105;0,22813719440832694
35;SP;São Paulo;2022;12;46024937;CAPS ALCOOL E DROGAS III - MUNICIPAL;17;0,03693649814230055
35;SP;São Paulo;2022;12;46024937;CAPS I;175;0,19011432867360578
35;SP;São Paulo;2022;12;46024937;CAPS II;117;0,25421001662642145
35;SP;São Paulo;2022;12;46024937;CAPS III;64;0,20858257774475605
35;SP;São Paulo;2022;12;46024937;CAPS INFANTO/JUVENIL;106;0,23030992959316815
35;SP;São Paulo;2022;12;46024937;Não informado;1;0,0
41;PR;Paraná;2018;12;11835379;CAPS ALCOOL E DROGA;27;0,22812957658559138
41;PR;Paraná;2018;12;11835379;CAPS ALCOOL E DROGAS III - REGIONAL;4;0,033796974308976505
41;PR;Paraná;2018;12;11835379;CAPS I;73;0,30839739056941057
41;PR;Paraná;2018;12;11835379;CAPS II;27;0,22812957658559138
41;PR;Paraná;2018;12;11835379;CAPS III;10;0,12673865365866188
41;PR;Paraná;2018;12;11835379;CAPS INFANTO/JUVENIL;15;0,12673865365866188
41;PR;Paraná;2019;12;11835379;CAPS ALCOOL E DROGA;26;0,21968033300834727
41;PR;Paraná;2019;12;11835379;CAPS ALCOOL E DROGAS III - MUNICIPAL;3;0,025347730731732375
41;PR;Paraná;2019;12;11835379;CAPS ALCOOL E DROGAS III - REGIONAL;4;0,033796974308976505
41;PR;Paraná;2019;12;11835379;CAPS I;73;0,30839739056941057
41;PR;Paraná;2019;12;11835379;CAPS II;26;0,21968033300834727
41;PR;Paraná;2019;12;11835379;CAPS III;9;0,11406478829279569
41;PR;Paraná;2019;12;11835379;CAPS INFANTO/JUVENIL;15;0,12673865365866188
41;PR;Paraná;2019;12;11835379;Não informado;3;0,0
41;PR;Paraná;2020;12;11835379;CAPS ALCOOL E DROGA;26;0,21968033300834727
41;PR;Paraná;2020;12;11835379;CAPS ALCOOL E DROGAS III - MUNICIPAL;3;0,025347730731732375
41;PR;Paraná;2020;12;11835379;CAPS ALCOOL E DROGAS III - REGIONAL;4;0,033796974308976505
41;PR;Paraná;2020;12;11835379;CAPS I;76;0,32107125593527674
41;PR;Paraná;2020;12;11835379;CAPS II;27;0,22812957658559138
41;PR;Paraná;2020;12;11835379;CAPS III;9;0,11406478829279569
41;PR;Paraná;2020;12;11835379;CAPS INFANTO/JUVENIL;15;0,12673865365866188
41;PR;Paraná;2020;12;11835379;Não informado;1;0,0
41;PR;Paraná;2021;12;11835379;CAPS ALCOOL E DROGA;25;0,21123108943110314
41;PR;Paraná;2021;12;11835379;CAPS ALCOOL E DROGAS III - MUNICIPAL;3;0,025347730731732375
41;PR;Paraná;2021;12;11835379;CAPS ALCOOL E DROGAS III - REGIONAL;3;0,025347730731732375
41;PR;Paraná;2021;12;11835379;CAPS I;75;0,3168466341466547
41;PR;Paraná;2021;12;11835379;CAPS II;27;0,22812957658559138
41;PR;Paraná;2021;12;11835379;CAPS III;9;0,11406478829279569
41;PR;Paraná;2021;12;11835379;CAPS INFANTO/JUVENIL;15;0,12673865365866188
41;PR;Paraná;2021;12;11835379;Não informado;3;0,0
41;PR;Paraná;2022;12;11835379;CAPS ALCOOL E DROGA;26;0,21968033300834727
41;PR;Paraná;2022;12;11835379;CAPS ALCOOL E DROGAS III - MUNICIPAL;2;0,016898487154488252
41;PR;Paraná;2022;12;11835379;CAPS ALCOOL E DROGAS III - REGIONAL;4;0,033796974308976505
41;PR;Paraná;2022;12;11835379;CAPS I;76;0,32107125593527674
41;PR;Paraná;2022;12;11835379;CAPS II;26;0,21968033300834727
41;PR;Paraná;2022;12;11835379;CAPS III;8;0,1013909229269295
41;PR;Paraná;2022;12;11835379;CAPS INFANTO/JUVENIL;15;0,12673865365866188
41;PR;Paraná;2022;12;11835379;Não informado;3;0,0
42;SC;Santa Catarina;2018;12;7762154;CAPS ALCOOL E DROGA;13;0,16747928474493035
42;SC;Santa Catarina;2018;12;7762154;CAPS I;66;0,42513972281405393
42;SC;Santa Catarina;2018;12;7762154;CAPS II;18;0,23189439426221123
42;SC;Santa Catarina;2018;12;7762154;CAPS III;2;0,03864906571036854
42;SC;Santa Catarina;2018;12;7762154;CAPS INFANTO/JUVENIL;10;0,1288302190345618
42;SC;Santa Catarina;2018;12;7762154;Não informado;4;0,0
42;SC;Santa Catarina;2019;12;7762154;CAPS ALCOOL E DROGA;14;0,1803623066483865
42;SC;Santa Catarina;2019;12;7762154;CAPS I;68;0,4380227447175101
42;SC;Santa Catarina;2019;12;7762154;CAPS II;18;0,23189439426221123
42;SC;Santa Catarina;2019;12;7762154;CAPS III;2;0,03864906571036854
42;SC;Santa Catarina;2019;12;7762154;CAPS INFANTO/JUVENIL;9;0,11594719713110561
42;SC;Santa Catarina;2020;12;7762154;CAPS ALCOOL E DROGA;14;0,1803623066483865
42;SC;Santa Catarina;2020;12;7762154;CAPS I;68;0,4380227447175101
42;SC;Santa Catarina;2020;12;7762154;CAPS II;18;0,23189439426221123
42;SC;Santa Catarina;2020;12;7762154;CAPS III;2;0,03864906571036854
42;SC;Santa Catarina;2020;12;7762154;CAPS INFANTO/JUVENIL;10;0,1288302190345618
42;SC;Santa Catarina;2021;12;7762154;CAPS ALCOOL E DROGA;14;0,1803623066483865
42;SC;Santa Catarina;2021;12;7762154;CAPS I;69;0,4444642556692382
42;SC;Santa Catarina;2021;12;7762154;CAPS II;18;0,23189439426221123
42;SC;Santa Catarina;2021;12;7762154;CAPS III;2;0,03864906571036854
42;SC;Santa Catarina;2021;12;7762154;CAPS INFANTO/JUVENIL;10;0,1288302190345618
42;SC;Santa Catarina;2022;12;7762154;CAPS ALCOOL E DROGA;14;0,1803623066483865
42;SC;Santa Catarina;2022;12;7762154;CAPS ALCOOL E DROGAS III - MUNICIPAL;1;0,01288302190345618
42;SC;Santa Catarina;2022;12;7762154;CAPS I;71;0,4573472775726944
42;SC;Santa Catarina;2022;12;7762154;CAPS II;16;0,20612835045529887
42;SC;Santa Catarina;2022;12;7762154;CAPS III;2;0,03864906571036854
42;SC;Santa Catarina;2022;12;7762154;CAPS INFANTO/JUVENIL;11;0,141713240938018
42;SC;Santa Catarina;2022;12;7762154;Não informado;1;0,0
43;RS;Rio Grande do Sul;2018;12;11088065;CAPS AD IV;1;0,04509353074679847
43;RS;Rio Grande do Sul;2018;12;11088065;CAPS ALCOOL E DROGA;34;0,30663600907822963
43;RS;Rio Grande do Sul;2018;12;11088065;CAPS ALCOOL E DROGAS III - MUNICIPAL;6;0,05411223689615817
43;RS;Rio Grande do Sul;2018;12;11088065;CAPS ALCOOL E DROGAS III - REGIONAL;2;0,01803741229871939
43;RS;Rio Grande do Sul;2018;12;11088065;CAPS I;91;0,4103511297958661
43;RS;Rio Grande do Sul;2018;12;11088065;CAPS II;41;0,3697669521237475
43;RS;Rio Grande do Sul;2018;12;11088065;CAPS III;4;0,05411223689615817
43;RS;Rio Grande do Sul;2018;12;11088065;CAPS INFANTO/JUVENIL;30;0,2705611844807908
43;RS;Rio Grande do Sul;2019;12;11088065;CAPS AD IV;1;0,04509353074679847
43;RS;Rio Grande do Sul;2019;12;11088065;CAPS ALCOOL E DROGA;34;0,30663600907822963
43;RS;Rio Grande do Sul;2019;12;11088065;CAPS ALCOOL E DROGAS III - MUNICIPAL;8;0,07214964919487755
43;RS;Rio Grande do Sul;2019;12;11088065;CAPS ALCOOL E DROGAS III - REGIONAL;2;0,01803741229871939
43;RS;Rio Grande do Sul;2019;12;11088065;CAPS I;93;0,4193698359452258
43;RS;Rio Grande do Sul;2019;12;11088065;CAPS II;46;0,41486048287054594
43;RS;Rio Grande do Sul;2019;12;11088065;CAPS III;4;0,05411223689615817
43;RS;Rio Grande do Sul;2019;12;11088065;CAPS INFANTO/JUVENIL;30;0,2705611844807908
43;RS;Rio Grande do Sul;2020;12;11088065;CAPS AD IV;1;0,04509353074679847
43;RS;Rio Grande do Sul;2020;12;11088065;CAPS ALCOOL E DROGA;34;0,30663600907822963
43;RS;Rio Grande do Sul;2020;12;11088065;CAPS ALCOOL E DROGAS III - MUNICIPAL;8;0,07214964919487755
43;RS;Rio Grande do Sul;2020;12;11088065;CAPS ALCOOL E DROGAS III - REGIONAL;2;0,01803741229871939
43;RS;Rio Grande do Sul;2020;12;11088065;CAPS I;93;0,4193698359452258
43;RS;Rio Grande do Sul;2020;12;11088065;CAPS II;46;0,41486048287054594
43;RS;Rio Grande do Sul;2020;12;11088065;CAPS III;4;0,05411223689615817
43;RS;Rio Grande do Sul;2020;12;11088065;CAPS INFANTO/JUVENIL;30;0,2705611844807908
43;RS;Rio Grande do Sul;2021;12;11088065;CAPS AD IV;2;0,09018706149359694
43;RS;Rio Grande do Sul;2021;12;11088065;CAPS ALCOOL E DROGA;34;0,30663600907822963
43;RS;Rio Grande do Sul;2021;12;11088065;CAPS ALCOOL E DROGAS III - MUNICIPAL;9;0,08116835534423725
43;RS;Rio Grande do Sul;2021;12;11088065;CAPS ALCOOL E DROGAS III - REGIONAL;2;0,01803741229871939
43;RS;Rio Grande do Sul;2021;12;11088065;CAPS I;96;0,43289789516926536
43;RS;Rio Grande do Sul;2021;12;11088065;CAPS II;47;0,4238791890199056
43;RS;Rio Grande do Sul;2021;12;11088065;CAPS III;4;0,05411223689615817
43;RS;Rio Grande do Sul;2021;12;11088065;CAPS INFANTO/JUVENIL;30;0,2705611844807908
43;RS;Rio Grande do Sul;2022;12;11088065;CAPS AD IV;1;0,04509353074679847
43;RS;Rio Grande do Sul;2022;12;11088065;CAPS ALCOOL E DROGA;33;0,2976173029288699
43;RS;Rio Grande do Sul;2022;12;11088065;CAPS ALCOOL E DROGAS III - MUNICIPAL;9;0,08116835534423725
43;RS;Rio Grande do Sul;2022;12;11088065;CAPS ALCOOL E DROGAS III - REGIONAL;2;0,01803741229871939
43;RS;Rio Grande do Sul;2022;12;11088065;CAPS I;97;0,43740724824394517
43;RS;Rio Grande do Sul;2022;12;11088065;CAPS II;45;0,40584177672118626
43;RS;Rio Grande do Sul;2022;12;11088065;CAPS III;4;0,05411223689615817
43;RS;Rio Grande do Sul;2022;12;11088065;CAPS INFANTO/JUVENIL;31;0,27957989063015054
43;RS;Rio Grande do Sul;2022;12;11088065;Não informado;2;0,0
50;MS;Mato Grosso do Sul;2018;12;2833742;CAPS ALCOOL E DROGA;4;0,14115611089506383
50;MS;Mato Grosso do Sul;2018;12;2833742;CAPS ALCOOL E DROGAS III - MUNICIPAL;1;0,03528902772376596
50;MS;Mato Grosso do Sul;2018;12;2833742;CAPS I;20;0,3528902772376596
50;MS;Mato Grosso do Sul;2018;12;2833742;CAPS II;6;0,21173416634259576
50;MS;Mato Grosso do Sul;2018;12;2833742;CAPS III;3;0,1588006247569468
50;MS;Mato Grosso do Sul;2018;12;2833742;CAPS INFANTO/JUVENIL;2;0,07057805544753191
50;MS;Mato Grosso do Sul;2019;12;2833742;CAPS ALCOOL E DROGA;3;0,10586708317129788
50;MS;Mato Grosso do Sul;2019;12;2833742;CAPS ALCOOL E DROGAS III - MUNICIPAL;1;0,03528902772376596
50;MS;Mato Grosso do Sul;2019;12;2833742;CAPS ALCOOL E DROGAS III - REGIONAL;1;0,03528902772376596
50;MS;Mato Grosso do Sul;2019;12;2833742;CAPS I;17;0,29995673565201064
50;MS;Mato Grosso do Sul;2019;12;2833742;CAPS II;7;0,24702319406636172
50;MS;Mato Grosso do Sul;2019;12;2833742;CAPS III;3;0,1588006247569468
50;MS;Mato Grosso do Sul;2019;12;2833742;CAPS INFANTO/JUVENIL;2;0,07057805544753191
50;MS;Mato Grosso do Sul;2020;12;2833742;CAPS AD IV;1;0,1764451386188298
50;MS;Mato Grosso do Sul;2020;12;2833742;CAPS ALCOOL E DROGA;3;0,10586708317129788
50;MS;Mato Grosso do Sul;2020;12;2833742;CAPS ALCOOL E DROGAS III - REGIONAL;1;0,03528902772376596
50;MS;Mato Grosso do Sul;2020;12;2833742;CAPS I;17;0,29995673565201064
50;MS;Mato Grosso do Sul;2020;12;2833742;CAPS II;6;0,21173416634259576
50;MS;Mato Grosso do Sul;2020;12;2833742;CAPS III;4;0,21173416634259576
50;MS;Mato Grosso do Sul;2020;12;2833742;CAPS INFANTO/JUVENIL;2;0,07057805544753191
50;MS;Mato Grosso do Sul;2021;12;2833742;CAPS AD IV;1;0,1764451386188298
50;MS;Mato Grosso do Sul;2021;12;2833742;CAPS ALCOOL E DROGA;3;0,10586708317129788
50;MS;Mato Grosso do Sul;2021;12;2833742;CAPS ALCOOL E DROGAS III - REGIONAL;1;0,03528902772376596
50;MS;Mato Grosso do Sul;2021;12;2833742;CAPS I;17;0,29995673565201064
50;MS;Mato Grosso do Sul;2021;12;2833742;CAPS II;6;0,21173416634259576
50;MS;Mato Grosso do Sul;2021;12;2833742;CAPS III;4;0,21173416634259576
50;MS;Mato Grosso do Sul;2021;12;2833742;CAPS INFANTO/JUVENIL;4;0,14115611089506383
50;MS;Mato Grosso do Sul;2022;12;2833742;CAPS AD IV;1;0,1764451386188298
50;MS;Mato Grosso do Sul;2022;12;2833742;CAPS ALCOOL E DROGA;3;0,10586708317129788
50;MS;Mato Grosso do Sul;2022;12;2833742;CAPS ALCOOL E DROGAS III - REGIONAL;1;0,03528902772376596
50;MS;Mato Grosso do Sul;2022;12;2833742;CAPS I;19;0,3352457633757766
50;MS;Mato Grosso do Sul;2022;12;2833742;CAPS II;6;0,21173416634259576
50;MS;Mato Grosso do Sul;2022;12;2833742;CAPS III;4;0,21173416634259576
50;MS;Mato Grosso do Sul;2022;12;2833742;CAPS INFANTO/JUVENIL;4;0,14115611089506383
51;MT;Mato Grosso;2018;12;3784239;CAPS ALCOOL E DROGA;3;0,0792761767953874
51;MT;Mato Grosso;2018;12;3784239;CAPS I;30;0,396380883976937
51;MT;Mato Grosso;2018;12;3784239;CAPS II;4;0,10570156906051653
51;MT;Mato Grosso;2018;12;3784239;CAPS INFANTO/JUVENIL;5;0,13212696132564566
51;MT;Mato Grosso;2019;12;3784239;CAPS ALCOOL E DROGA;3;0,0792761767953874
51;MT;Mato Grosso;2019;12;3784239;CAPS I;30;0,396380883976937
51;MT;Mato Grosso;2019;12;3784239;CAPS II;4;0,10570156906051653
51;MT;Mato Grosso;2019;12;3784239;CAPS INFANTO/JUVENIL;5;0,13212696132564566
51;MT;Mato Grosso;2019;12;3784239;Não informado;1;0,0
51;MT;Mato Grosso;2020;12;3784239;CAPS ALCOOL E DROGA;3;0,0792761767953874
51;MT;Mato Grosso;2020;12;3784239;CAPS I;31;0,40959358010950153
51;MT;Mato Grosso;2020;12;3784239;CAPS II;4;0,10570156906051653
51;MT;Mato Grosso;2020;12;3784239;CAPS INFANTO/JUVENIL;5;0,13212696132564566
51;MT;Mato Grosso;2021;12;3784239;CAPS ALCOOL E DROGA;3;0,0792761767953874
51;MT;Mato Grosso;2021;12;3784239;CAPS I;31;0,40959358010950153
51;MT;Mato Grosso;2021;12;3784239;CAPS II;5;0,13212696132564566
51;MT;Mato Grosso;2021;12;3784239;CAPS INFANTO/JUVENIL;4;0,10570156906051653
51;MT;Mato Grosso;2022;12;3784239;CAPS ALCOOL E DROGA;3;0,0792761767953874
51;MT;Mato Grosso;2022;12;3784239;CAPS I;33;0,43601897237463066
51;MT;Mato Grosso;2022;12;3784239;CAPS II;5;0,13212696132564566
51;MT;Mato Grosso;2022;12;3784239;CAPS INFANTO/JUVENIL;6;0,1585523535907748
52;GO;Goiás;2018;12;6950976;CAPS ALCOOL E DROGA;10;0,143864688930015
52;GO;Goiás;2018;12;6950976;CAPS I;51;0,3668549567715383
52;GO;Goiás;2018;12;6950976;CAPS II;19;0,2733429089670285
52;GO;Goiás;2018;12;6950976;CAPS INFANTO/JUVENIL;6;0,086318813358009
52;GO;Goiás;2018;12;6950976;Não informado;3;0,0
52;GO;Goiás;2019;12;6950976;CAPS ALCOOL E DROGA;11;0,15825115782301652
52;GO;Goiás;2019;12;6950976;CAPS ALCOOL E DROGAS III - MUNICIPAL;1;0,0143864688930015
52;GO;Goiás;2019;12;6950976;CAPS I;53;0,3812414256645398
52;GO;Goiás;2019;12;6950976;CAPS II;20;0,28772937786003
52;GO;Goiás;2019;12;6950976;CAPS INFANTO/JUVENIL;6;0,086318813358009
52;GO;Goiás;2019;12;6950976;Não informado;1;0,0
52;GO;Goiás;2020;12;6950976;CAPS ALCOOL E DROGA;12;0,172637626716018
52;GO;Goiás;2020;12;6950976;CAPS ALCOOL E DROGAS III - MUNICIPAL;1;0,0143864688930015
52;GO;Goiás;2020;12;6950976;CAPS I;54;0,3884346601110405
52;GO;Goiás;2020;12;6950976;CAPS II;20;0,28772937786003
52;GO;Goiás;2020;12;6950976;CAPS INFANTO/JUVENIL;7;0,10070528225101051
52;GO;Goiás;2020;12;6950976;Não informado;2;0,0
52;GO;Goiás;2021;12;6950976;CAPS ALCOOL E DROGA;12;0,172637626716018
52;GO;Goiás;2021;12;6950976;CAPS ALCOOL E DROGAS III - MUNICIPAL;1;0,0143864688930015
52;GO;Goiás;2021;12;6950976;CAPS ALCOOL E DROGAS III - REGIONAL;1;0,0143864688930015
52;GO;Goiás;2021;12;6950976;CAPS I;54;0,3884346601110405
52;GO;Goiás;2021;12;6950976;CAPS II;20;0,28772937786003
52;GO;Goiás;2021;12;6950976;CAPS INFANTO/JUVENIL;8;0,115091751144012
52;GO;Goiás;2022;12;6950976;CAPS AD IV;1;0,0719323444650075
52;GO;Goiás;2022;12;6950976;CAPS ALCOOL E DROGA;12;0,172637626716018
52;GO;Goiás;2022;12;6950976;CAPS ALCOOL E DROGAS III - MUNICIPAL;1;0,0143864688930015
52;GO;Goiás;2022;12;6950976;CAPS ALCOOL E DROGAS III - REGIONAL;1;0,0143864688930015
52;GO;Goiás;2022;12;6950976;CAPS I;55;0,39562789455754127
52;GO;Goiás;2022;12;6950976;CAPS II;20;0,28772937786003
52;GO;Goiás;2022;12;6950976;CAPS INFANTO/JUVENIL;9;0,1294782200370135
53;DF;Distrito Federal;2018;12;2923369;CAPS ALCOOL E DROGA;4;0,1368284332220804
53;DF;Distrito Federal;2018;12;2923369;CAPS ALCOOL E DROGAS III - MUNICIPAL;2;0,0684142166110402
53;DF;Distrito Federal;2018;12;2923369;CAPS I;2;0,0342071083055201
53;DF;Distrito Federal;2018;12;2923369;CAPS II;8;0,2736568664441608
53;DF;Distrito Federal;2018;12;2923369;CAPS INFANTO/JUVENIL;2;0,0684142166110402
53;DF;Distrito Federal;2019;12;2923369;CAPS ALCOOL E DROGA;4;0,1368284332220804
53;DF;Distrito Federal;2019;12;2923369;CAPS ALCOOL E DROGAS III - MUNICIPAL;2;0,0684142166110402
53;DF;Distrito Federal;2019;12;2923369;CAPS I;2;0,0342071083055201
53;DF;Distrito Federal;2019;12;2923369;CAPS II;8;0,2736568664441608
53;DF;Distrito Federal;2019;12;2923369;CAPS INFANTO/JUVENIL;2;0,0684142166110402
53;DF;Distrito Federal;2020;12;2923369;CAPS ALCOOL E DROGA;4;0,1368284332220804
53;DF;Distrito Federal;2020;12;2923369;CAPS ALCOOL E DROGAS III - MUNICIPAL;2;0,0684142166110402
53;DF;Distrito Federal;2020;12;2923369;CAPS I;1;0,01710355415276005
53;DF;Distrito Federal;2020;12;2923369;CAPS II;9;0,3078639747496809
53;DF;Distrito Federal;2020;12;2923369;CAPS INFANTO/JUVENIL;1;0,0342071083055201
53;DF;Distrito Federal;2020;12;2923369;Não informado;1;0,0
53;DF;Distrito Federal;2021;12;2923369;CAPS ALCOOL E DROGA;4;0,1368284332220804
53;DF;Distrito Federal;2021;12;2923369;CAPS ALCOOL E DROGAS III - MUNICIPAL;2;0,0684142166110402
53;DF;Distrito Federal;2021;12;2923369;CAPS II;9;0,3078639747496809
53;DF;Distrito Federal;2021;12;2923369;CAPS INFANTO/JUVENIL;2;0,0684142166110402
53;DF;Distrito Federal;2021;12;2923369;Não informado;1;0,0
53;DF;Distrito Federal;2022;12;2923369;CAPS ALCOOL E DROGA;4;0,1368284332220804
53;DF;Distrito Federal;2022;12;2923369;CAPS ALCOOL E DROGAS III - MUNICIPAL;2;0,0684142166110402
53;DF;Distrito Federal;2022;12;2923369;CAPS I;1;0,01710355415276005
53;DF;Distrito Federal;2022;12;2923369;CAPS II;9;0,3078639747496809
53;DF;Distrito Federal;2022;12;2923369;CAPS INFANTO/JUVENIL;2;0,0684142166110402
